k,g11,g12,g22,energy
-3.0,22.036737500622408,325.77569736594177,4826.267226574962,-59.0320242549178
-2.995,22.05674108442595,325.51569836273205,4814.222433749104,-58.81454124425602
-2.99,22.076800802866362,325.25550647015746,4802.1877254333285,-58.59743984011926
-2.985,22.096916924703436,324.9951213090158,4790.16311022758,-58.38072006087145
-2.98,22.11708972053375,324.7345424992182,4778.148596754747,-58.16438192496343
-2.975,22.137319462810506,324.4737696598376,4766.14419366146,-57.9484254509337
-2.97,22.157606425847497,324.21280240892565,4754.149909615495,-57.73285065740874
-2.965,22.177950885854596,323.9516403637905,4742.165753309976,-57.51765756310388
-2.96,22.19835312093642,323.69028314072625,4730.191733459445,-57.30284618682361
-2.955,22.218813411123193,323.4287303552199,4718.227858803037,-57.08841654746258
-2.95,22.239332038380223,323.16698162183286,4706.274138102814,-56.874368664005786
-2.945,22.259909286627618,322.90503655423896,4694.3305801443985,-56.660702555529454
-2.94,22.280545441758804,322.64289476523464,4682.397193737256,-56.447418241201625
-2.935,22.301240791658138,322.3805558667374,4670.473987714699,-56.23451574028277
-2.93,22.321995626218047,322.11801946977334,4658.560970933882,-56.021995072126266
-2.925,22.342810237358666,321.85528518449723,4646.65815227608,-55.809856256179366
-2.92,22.363684919043433,321.59235262015284,4634.7655406462845,-55.598099311983646
-2.915,22.384619967303465,321.3292213851561,4622.883144974458,-55.3867242591755
-2.91,22.40561568025091,321.06589108701564,4611.010974214486,-55.17573111748721
-2.905,22.426672358101538,320.80236133238503,4599.1490373450015,-54.9651199067472
-2.9,22.44779030319123,320.53863172702415,4587.297343368939,-54.75489064688097
-2.895,22.468969819999234,320.2747018758532,4575.4559013144,-54.54504335791167
-2.89,22.490211215164617,320.01057138290525,4563.6247202340055,-54.33557805996074
-2.885,22.51151479750769,319.7462398513517,4551.803809205428,-54.12649477324873
-2.88,22.532880878052627,319.48170688353355,4539.993177331823,-53.917793518095934
-2.875,22.554309770041293,319.21697208087573,4528.192833740812,-53.70947431492292
-2.87,22.575801788962973,318.9520350440085,4516.402787586175,-53.50153718425167
-2.865,22.597357252568397,318.68689537268165,4504.623048046815,-53.29398214670571
-2.86,22.618976480893686,318.42155266579607,4492.853624327185,-53.08680922301142
-2.855,22.6406597962816,318.15600652141205,4481.094525657599,-52.88001843399835
-2.85,22.662407523403385,317.89025653674736,4469.345761294182,-52.673609800600055
-2.845,22.68421998927999,317.62430230817506,4457.60734051901,-52.46758334385497
-2.84,22.706097523306596,317.35814343125514,4445.879272640534,-52.26193908490701
-2.835,22.72804045727164,317.091779500692,4434.1615669931625,-52.05667704500639
-2.83,22.750049125380787,316.8252101103548,4422.45423293757,-51.85179724551036
-2.825,22.772123864284715,316.558434853347,4410.7572798617575,-51.64729970788399
-2.82,22.794265013092364,316.2914533218688,4399.070717179169,-51.443184453700994
-2.815,22.81647291340738,316.02426510740327,4387.394554331451,-51.239451504644315
-2.81,22.838747909337943,315.7568698005236,4375.728800785746,-51.0361008825073
-2.805,22.861090347533704,315.4892669910755,4364.073466037365,-50.833132609194124
-2.8,22.88350057720056,315.22145626804854,4352.428559608046,-50.63054670672066
-2.795,22.90597895013228,314.95343721967475,4340.794091047409,-50.42834319721564
-2.79,22.92852582073314,314.6852094334032,4329.170069932645,-50.226522102920896
-2.785,22.951141546039434,314.41677249585035,4317.556505867936,-50.02508344619273
-2.78,22.973826485751864,314.1481259928977,4305.953408485833,-49.82402724950245
-2.775,22.996581002256363,313.8792695096304,4294.360787446523,-49.62335353543728
-2.77,23.019405460652152,313.61020263036465,4282.778652438221,-49.42306232670121
-2.765,23.042300228780164,313.34092493867774,4271.207013177668,-49.223153646115975
-2.76,23.065265677246018,313.0714360173656,4259.645879409619,-49.02362751662164
-2.755,23.08830217945012,312.80173544848253,4248.095260907464,-48.82448396127789
-2.75,23.111410111614397,312.5318228133402,4236.5551674732405,-48.62572300326455
-2.745,23.134589852810954,312.2616976925206,4225.025608937858,-48.427344665882664
-2.74,23.157841784988214,311.99135966586107,4213.506595161031,-48.22934897255536
-2.735,23.181166293002725,311.72080831249673,4201.99813603182,-48.03173594682875
-2.73,23.204563764644632,311.45004321082706,4190.500241468295,-47.834505612372844
-2.725,23.228034590669896,311.1790639385604,4179.012921418164,-47.63765799298262
-2.72,23.251579164829174,310.90787007270916,4167.536185858758,-47.441193112578716
-2.715,23.2751978838948,310.6364611895611,4156.070044796713,-47.24511099520849
-2.71,23.298891147696615,310.3648368647577,4144.614508269093,-47.04941166504721
-2.705,23.32265935914985,310.09299667326,4133.169586342893,-46.85409514639868
-2.7,23.346502924284053,309.82094018933725,4121.735289115075,-46.65916146369625
-2.695,23.37042225227908,309.54866698662204,4110.3116267131845,-46.464610641504066
-2.69,23.394417755495517,309.2761766381102,4098.898609295546,-46.270442704517954
-2.685,23.418489849505452,309.0034687161403,4087.4962470509067,-46.07665767756623
-2.68,23.442638953124725,308.7305427924037,4076.104550198721,-45.883255585610996
-2.675,23.466865488451443,308.45739843801834,4064.7235289900696,-45.69023645374894
-2.67,23.491169880893587,308.18403522346387,4053.3531937069065,-45.497600307212636
-2.665,23.51555255920562,307.91045271862487,4041.9935546626384,-45.305347171371274
-2.66,23.540013955523136,307.63665049280286,4030.6446222023046,-45.113477071732035
-2.655,23.564554505397187,307.3626281147199,4019.306406702667,-44.9219900339409
-2.65,23.5891746478301,307.0883851525368,4007.978918572496,-44.73088608378392
-2.645,23.613874825310443,306.8139211738537,3996.6621682525847,-44.540165247188256
-2.64,23.638655483850744,306.5392357457374,3985.3561662161183,-44.34982755022316
-2.635,23.663517073021627,306.2643284347055,3974.0609229685333,-44.15987301910125
-2.63,23.688460045992905,305.98919880678176,3962.776449048205,-43.97030168017967
-2.625,23.713484859568272,305.71384642747756,3951.5027550262807,-43.78111355996097
-2.62,23.73859197422604,305.43827086182944,3940.2398515071254,-43.59230868509451
-2.615,23.763781854152512,305.1624716743531,3928.9877491277953,-43.40388708237766
-2.61,23.789054967288592,304.8864484291441,3917.746458559302,-43.21584877875654
-2.605,23.81441178536426,304.6102006898318,3906.5159905060978,-43.02819380132783
-2.6,23.839852783939165,304.3337280195904,3895.296355706111,-42.840922177339564
-2.595,23.865378442447824,304.05702998121785,3884.0875649318623,-42.654033934192334
-2.59,23.89098924423255,303.7801061370432,3872.889628989283,-42.46752909944071
-2.585,23.91668567660009,303.5029560491237,3861.7025587201338,-42.28140770079435
-2.58,23.942468230842024,303.225579278989,3850.5263649988533,-42.09566976611933
-2.575,23.9683374023001,302.9479753879354,3839.361058736198,-41.91031532343936
-2.57,23.99429369039428,302.67014393685326,3828.2066508771627,-41.72534440093682
-2.565,24.020337598675006,302.39208448633605,3817.0631524021987,-41.540757026954694
-2.56,24.046469634864934,302.11379659667034,3805.9305743271966,-41.35655322999717
-2.555,24.072690310903774,301.8352798278441,3794.8089277035156,-41.17273303873137
-2.55,24.099000142996836,301.55653373959564,3783.6982236186027,-40.98929648198852
-2.545,24.12539965165857,301.2775578913967,3772.59847319572,-40.80624358876542
-2.54,24.151889361762592,300.9983518425099,3761.5096875947033,-40.62357438822557
-2.535,24.17846980258583,300.71891515195466,3750.431878011416,-40.44128890970093
-2.53,24.205141507862475,300.43924737860397,3739.365055678998,-40.25938718269287
-2.525,24.23190501582737,300.1593480811289,3728.3092318671233,-40.07786923687391
-2.52,24.258760869268652,299.87921681805636,3717.2644178826476,-39.89673510208902
-2.515,24.285709615579794,299.59885314780826,3706.2306250700685,-39.71598480835698
-2.51,24.312751806807746,299.31825662868675,3695.2078648112943,-39.53561838587192
-2.505,24.33988799970671,299.0374268189213,3684.1961485261845,-39.35563586500484
-2.5,24.367118755789733,298.7563632766767,3673.1954876725654,-39.176037276304996
-2.495,24.394444641383465,298.47506556009574,3662.2058937467295,-38.99682265050137
-2.49,24.421866227680198,298.193533227298,3651.2273782833286,-38.81799201850433
-2.485,24.44938409079693,297.9117658364554,3640.2599528562546,-38.63954541140699
-2.48,24.476998811823876,297.6297629457313,3629.3036290777936,-38.461482860486996
-2.475,24.504710976888717,297.3475241134025,3618.3584186000844,-38.28380439720767
-2.47,24.532521177209038,297.06504889782747,3607.4243331145926,-38.1065100532202
-2.465,24.56043000914863,296.7823368574535,3596.50138435218,-37.92959986036465
-2.46,24.5884380742867,296.4993875509677,3585.589584084765,-37.75307385067203
-2.455,24.61654597946257,296.2162005371488,3574.688944123518,-37.57693205636566
-2.45,24.64475433684785,295.93277537503593,3563.799476320767,-37.40117450986284
-2.445,24.673063764000275,295.64911162386284,3552.9211925690597,-37.22580124377676
-2.44,24.70147488393581,295.3652088432132,3542.054104802988,-37.05081229091786
-2.435,24.72998832517974,295.08106659290536,3531.198224997666,-36.876207684295885
-2.43,24.758604721839244,294.796684433123,3520.3535651701563,-36.701987457121355
-2.425,24.787324713664873,294.51206192440924,3509.5201373792947,-36.52815164280742
-2.42,24.81614894611809,294.22719862771913,3498.697953726197,-36.354700274971684
-2.415,24.84507807043758,293.94209410444506,3487.8870263543986,-36.18163338743772
-2.41,24.874112743706345,293.6567479164434,3477.087367450047,-36.008951014237475
-2.405,24.90325362892335,293.3711596261052,3466.2989892425903,-35.83665318961249
-2.4,24.93250139506555,293.08532879629763,3455.5219040039387,-35.66473994801598
-2.395,24.961856717172907,292.79925499057026,3444.7561240507157,-35.4932113241149
-2.39,24.99132027640919,292.5129377730596,3434.001661742995,-35.32206735279154
-2.385,25.02089276013478,292.22637670852737,3423.2585294845467,-35.15130806914559
-2.38,25.050574861988128,291.9395713624904,3412.5267397242537,-34.98093350849621
-2.375,25.080367281954697,291.65252130118364,3401.8063049554075,-34.810943706383725
-2.37,25.110270726445453,291.3652260916273,3391.0972377163207,-34.64133869857183
-2.365,25.14028590837631,291.0776853017003,3380.3995505910593,-34.47211852104946
-2.36,25.170413547244078,290.7898985001431,3369.713256209145,-34.30328321003301
-2.355,25.200654369206717,290.5018652566174,3359.038367246164,-34.13483280196822
-2.35,25.231009107164372,290.2135851417459,3348.3748964239053,-33.966767333532324
-2.345,25.261478500843214,289.9250577271805,3337.722856510975,-33.79908684163619
-2.34,25.292063296878588,289.6362825856469,3327.082260323054,-33.631791363426416
-2.335,25.322764248897066,289.34725929096237,3316.4531207228806,-33.46488093628749
-2.33,25.353582117605445,289.0579874181184,3305.835450620907,-33.29835559784406
-2.325,25.384517670879177,288.76846654335003,3295.229262975897,-33.13221538596303
-2.32,25.41557168384566,288.4786962441182,3284.6345707943838,-32.96646033875587
-2.315,25.446744938981432,288.1886760992522,3274.051387132074,-32.80109049458091
-2.31,25.478038226197835,287.89840568893527,3263.47972509337,-32.63610589204553
-2.305,25.509452342938083,287.60788459480847,3252.9195978322628,-32.47150657000863
-2.3,25.540988094269363,287.3171124000042,3242.371018552399,-32.30729256758283
-2.295,25.572646292979183,287.02608868921084,3231.834000507515,-32.143463924137016
-2.29,25.60442775967244,286.73481304873036,3221.3085570017442,-31.98002067929857
-2.285,25.636333322872193,286.44328506656217,3210.7947013902462,-31.816962872955983
-2.28,25.66836381911734,286.1515043324365,3200.292447079237,-31.65429054526123
-2.275,25.700520093066775,285.8594704379016,3189.801807526594,-31.492003736632263
-2.27,25.732802997601855,285.5671829763782,3179.3227962421065,-31.33010248775563
-2.265,25.765213393932402,285.27464154323695,3168.8554267879954,-31.168586839588933
-2.26,25.79775215170335,284.9818457358618,3158.399712779185,-31.007456833363484
-2.255,25.8304201491038,284.68879515372856,3147.955667883819,-30.846712510586947
-2.25,25.863218272976447,284.3954893984641,3137.5233058234917,-30.686353913046
-2.245,25.896147418931925,284.10192807394594,3127.1026403739206,-30.526381082808975
-2.24,25.929208491460393,283.80811078635196,3116.693685365074,-30.36679406222863
-2.235,25.962402404048184,283.5140371442472,3106.2964546816943,-30.207592893944952
-2.23,25.995730079299204,283.21970675870114,3095.910962264087,-30.04877762088789
-2.225,26.02919244904623,282.92511924328255,3085.5372221076423,-29.890348286280258
-2.22,26.06279045448148,282.63027421423686,3075.1752482642696,-29.732304933640535
-2.215,26.096525046275183,282.3351712905174,3064.8250548422357,-29.574647606785827
-2.21,26.130397184703728,282.03981009390066,3054.4866560069067,-29.417376349834832
-2.205,26.164407839774885,281.74419024904773,3044.1600659809083,-29.260491207210748
-2.2,26.198557991359404,281.448311383617,3033.845299044821,-29.103992223644443
-2.195,26.232848629324156,281.15217312836575,3023.542369537669,-28.94787944417733
-2.19,26.267280753662547,280.85577511720766,3013.2512918570155,-28.792152914164646
-2.185,26.301855374636506,280.5591169873708,3002.972080460075,-28.63681267927849
-2.18,26.336573512910192,280.2621983794417,2992.7047498635775,-28.48185878551105
-2.175,26.371436199693935,279.9650189375003,2982.4493146446043,-28.32729127917783
-2.17,26.406444476887117,279.6675783092157,2972.2057894409554,-28.17311020692096
-2.165,26.441599397224994,279.36987614596814,2961.97418895185,-28.01931561571243
-2.16,26.47690202442187,279.0719121028981,2951.7545279377373,-27.86590755285751
-2.155,26.512353433332727,278.7736858391342,2941.546821222038,-27.712886065998198
-2.15,26.547954710098445,278.47519701782073,2931.351083690747,-27.560251203116472
-2.145,26.58370695230206,278.1764453062372,2921.1673302929753,-27.408003012538195
-2.14,26.61961126913064,277.8774303759491,2910.995576041778,-27.25614154293607
-2.135,26.655668781536978,277.57815190293155,2900.8358360147295,-27.104666843333888
-2.13,26.691880622403147,277.2786095676883,2890.6881253543575,-26.953578963109663
-2.125,26.72824793670826,276.97880305538587,2880.552459268778,-26.802877951999577
-2.12,26.76477188169326,276.67873205592514,2870.4288530315766,-26.65256386010165
-2.115,26.8014536270481,276.3783962642273,2860.317321983997,-26.50263673787947
-2.11,26.838294355073366,276.0777953802194,2850.2178815339216,-26.35309663616627
-2.105,26.875295260866636,275.77692910904494,2840.130547157134,-26.203943606168572
-2.1,26.912457552504318,275.4757971612055,2830.0553343978972,-26.05517769947029
-2.095,26.94978245122767,275.17439925270764,2819.9922588695376,-25.90679896803665
-2.09,26.987271191631184,274.87273510521106,2809.9413362550126,-25.758807464218364
-2.085,27.024925021856355,274.5708044461957,2799.902582307656,-25.611203240755657
-2.08,27.06274520378522,274.2686070090953,2789.876012851523,-25.463986350782527
-2.075,27.100733013245105,273.9661425335125,2779.861643782561,-25.317156847830887
-2.07,27.13888974020484,273.66341076531944,2769.85949106861,-25.17071478583498
-2.065,27.17721668898822,273.3604114568919,2759.869570750639,-25.024660219135683
-2.06,27.215715178480142,273.0571443672421,2749.8918989430613,-24.878993202484935
-2.055,27.254386542342615,272.7536092622102,2739.926491834451,-24.73371379105022
-2.05,27.293232129237786,272.44980591469596,2729.9733656887656,-24.588822040419096
-2.045,27.332253303040243,272.1457341047464,2720.0325368450353,-24.44431800660396
-2.04,27.371451443073777,271.8413936198477,2710.1040217190325,-24.300201746046536
-2.035,27.41082794433706,271.53678425507184,2700.1878368035113,-24.156473315622712
-2.03,27.45038421774062,271.2319058132976,2690.2839986691124,-24.013132772647406
-2.025,27.490121690345244,270.92675810540726,2680.3925239650175,-23.870180174879415
-2.02,27.530041805607546,270.6213409505108,2670.5134294197933,-23.727615580526404
-2.015,27.570146023627448,270.3156541761562,2660.64673184213,-23.585439048249885
-2.01,27.610435821402387,270.0096976185555,2650.7924481216164,-23.44365063717042
-2.005,27.650912693085502,269.70347112281706,2640.950595229601,-23.302250406872798
-2.0,27.691578150248443,269.39697454317246,2631.1211902198975,-23.16123841741117
-1.995,27.73243372215032,269.09020774322744,2621.3042502297667,-23.020614729314662
-1.99,27.77348095601084,268.78317059620025,2611.4997924806044,-22.880379403592443
-1.985,27.814721417288798,268.47586298517825,2601.7078342789255,-22.740532501739622
-1.98,27.856156689966124,268.1682848033695,2591.9283930170855,-22.601074085742553
-1.975,27.897788376839255,267.86043595438883,2582.161486174411,-22.462004218084637
-1.97,27.939618099808015,267.55231635246446,2572.407131317461,-22.32332296175205
-1.965,27.98164750018879,267.24392592283556,2562.665346102094,-22.185030380239603
-1.96,28.023878239009377,266.93526460191606,2552.9361482732115,-22.047126537556743
-1.955,28.066311997330956,266.62633233767593,2543.219555666567,-21.9096114982334
-1.95,28.108950476559762,266.3171290898646,2533.5155862089946,-21.77248532732641
-1.945,28.15179539877969,266.00765483038646,2523.824257920051,-21.63574809042551
-1.94,28.194848507078426,265.6979095435561,2514.1455889124163,-21.499399853659636
-1.935,28.2381115658938,265.3878932264925,2504.4795973935998,-21.363440683703583
-1.93,28.28158636135212,265.0776058893794,2494.8263016662913,-21.227870647784258
-1.925,28.325274701624586,264.76704755584075,2485.1857201297657,-21.092689813687493
-1.92,28.36917841728791,264.45621826329324,2475.5578712809593,-20.95789824976456
-1.915,28.413299361688455,264.1451180632764,2465.942773715348,-20.82349602493937
-1.91,28.45763941132203,263.83374702186035,2456.340446128367,-20.689483208714922
-1.905,28.50220046620752,263.52210521994675,2446.75090731597,-20.555859871180864
-1.9,28.546984450290548,263.2101927537679,2437.174176176696,-20.422626083020265
-1.895,28.59199331182994,262.89800973517475,2427.6102717119306,-20.289781915517143
-1.89,28.63722902381119,262.58555629210014,2418.0592130275995,-20.157327440563716
-1.885,28.682693584359182,262.27283256895345,2408.5210193351963,-20.025262730668054
-1.88,28.728389017163966,261.9598387270583,2398.9957099531193,-19.893587858961627
-1.875,28.77431737191321,261.6465749450873,2389.483304307899,-19.76230289920715
-1.87,28.820480724731798,261.33304141948486,2379.9838219352387,-19.631407925806375
-1.865,28.86688117864036,261.0192383649919,2370.4972824819197,-19.50090301380829
-1.86,28.913520864010156,260.70516601505597,2361.023705706518,-19.37078823891711
-1.855,28.960401939037734,260.39082462235376,2351.5631114811727,-19.241063677500726
-1.85,29.00752659022238,260.076214459247,2342.1155197925036,-19.11172940659905
-1.845,29.054897032864226,259.76133581835154,2332.680950743605,-18.98278550393256
-1.84,29.102515511565183,259.4461890130512,2323.2594245553687,-18.85423204791116
-1.835,29.150384300734395,259.13077437795715,2313.8509615672133,-18.72606911764301
-1.83,29.19850570512517,258.81509226957564,2304.45558223964,-18.598296792943483
-1.825,29.24688206036483,258.49914306681313,2295.073307155184,-18.470915154344375
-1.82,29.295515733503535,258.18292717156584,2285.704157020015,-18.34392428310335
-1.815,29.34440912357576,257.86644500932795,2276.3481526656333,-18.217324261213246
-1.81,29.3935646621749,257.54969702981776,2267.0053150505573,-18.091115171411847
-1.805,29.442984814034176,257.23268370756955,2257.6756652616596,-17.965297097191847
-1.8,29.492672077630967,256.9154055426252,2248.3592245161994,-17.839870122810648
-1.795,29.542628985801098,256.59786306121674,2239.056014163711,-17.714834333300484
-1.79,29.592858106355006,256.2800568163581,2229.7660556869214,-17.590189814479178
-1.785,29.64336204273347,255.96198738868125,2220.489370704747,-17.465936652960163
-1.78,29.694143434651398,255.64365538704953,2211.2259809731186,-17.342074936163694
-1.775,29.745204958774135,255.32506144935408,2201.975908387348,-17.21860475232736
-1.77,29.796549329405362,255.006206243289,2192.7391749841636,-17.095526190517532
-1.765,29.848179299184224,254.6870904670897,2183.515802943221,-16.972839340640512
-1.76,29.900097659815003,254.3677148504346,2174.3058145899395,-16.850544293453968
-1.755,29.952307242785146,254.04808015512296,2165.10923239626,-16.728641140578993
-1.75,30.004810920135704,253.72818717607635,2155.926078983984,-16.607129974511736
-1.745,30.057611605224757,253.40803674214894,2146.756377126327,-16.486010888635683
-1.74,30.110712253518027,253.0876297170425,2137.6001497502652,-16.365283977234096
-1.735,30.16411586339695,252.7669670002302,2128.4574199386966,-16.244949335502586
-1.73,30.217825476988583,252.44604952793063,2119.3282109328993,-16.125007059561916
-1.725,30.27184418101069,252.12487827406136,2110.212546134655,-16.005457246471284
-1.72,30.326175107643643,251.80345425128223,2101.1104491089113,-15.88629999424144
-1.715,30.38082143541912,251.48177851202277,2092.0219435861068,-15.76753540184841
-1.71,30.435786390129834,251.15985214953776,2082.947053464647,-15.649163569247431
-1.705,30.491073245770266,250.8376762990611,2073.8858028138193,-15.531184597386687
-1.7,30.546685325485008,250.51525213886242,2064.8382158758623,-15.413598588222335
-1.695,30.602626002558658,250.19258089148892,2055.804317069264,-15.2964056447326
-1.69,30.658898701417574,249.86966382492744,2046.7841309911964,-15.179605870932956
-1.685,30.715506898662703,249.5465022538563,2037.7776824204955,-15.063199371891372
-1.68,30.772454124126742,249.2230975409161,2028.7849963205426,-14.94718625374382
-1.675,30.8297439619598,248.89945109802886,2019.8060978422445,-14.83156662371009
-1.67,30.88738005174246,248.57556438776277,2010.8410123273036,-14.716340590109981
-1.665,30.945366089621633,248.2514389246758,2001.8897653109052,-14.601508262379786
-1.66,31.003705829485558,247.92707627679272,1992.9523825252654,-14.487069751089086
-1.655,31.062403084173546,247.60247806715196,1984.0288899034342,-14.373025167957737
-1.65,31.121461726683922,247.27764597513422,1975.1193135813126,-14.259374625873685
-1.645,31.180885691468113,246.95258173826747,1966.223679902715,-14.146118238910459
-1.64,31.24067897570616,246.6272871536641,1957.3420154217972,-14.033256122345577
-1.635,31.300845640653286,246.30176407980002,1948.4743469073799,-13.920788392679073
-1.63,31.36138981300236,245.97601443818786,1939.6207013463454,-13.808715167652275
-1.625,31.42231568629091,245.65004021516742,1930.781105947816,-13.697036566267514
-1.62,31.483627522343816,245.32384346373112,1921.9555881468789,-13.585752708807505
-1.615,31.545329652757335,244.99742630542426,1913.1441756088439,-13.474863716855673
-1.61,31.607426480419555,244.67079093227375,1904.3468962333084,-13.364369713316721
-1.605,31.66992248107598,244.34393960880587,1895.5637781585394,-13.254270822437595
-1.6,31.732822204943012,244.01687467415562,1886.7948497659975,-13.144567169828964
-1.595,31.796130278347196,243.68959854411403,1878.0401396845975,-13.03525888248721
-1.59,31.859851405447625,243.36211371350103,1869.2996767960442,-12.926346088816413
-1.585,31.923990369952353,243.03442275823406,1860.5734902386791,-12.817828918651978
-1.58,31.988552036940412,242.70652833786576,1851.8616094133888,-12.709707503283278
-1.575,32.05354135469916,242.37843319793726,1843.1640639880563,-12.60198197547771
-1.57,32.118963356618316,242.05014017246737,1834.4808839032196,-12.494652469505342
-1.565,32.18482316316629,241.7216521866724,1825.8120993775476,-12.387719121163489
-1.56,32.25112598386866,241.39297225944077,1817.1577409127547,-12.281182067802405
-1.555,32.31787711940389,241.06410350626842,1808.5178392999962,-12.17504144835127
-1.55,32.38508196374054,240.7350491421588,1799.8924256259277,-12.069297403344635
-1.545,32.45274600629324,240.4058124843527,1791.2815312778519,-11.963950074950043
-1.54,32.52087483421456,240.07639695559243,1782.6851879508044,-11.858999606995487
-1.535,32.589474134734985,239.74680608736608,1774.103427654455,-11.754446144997981
-1.53,32.65854969749674,239.4170435228117,1765.536282718102,-11.650289836192828
-1.525,32.728107417078384,239.08711302043906,1756.9837857990674,-11.546530829563215
-1.52,32.79815329555158,238.75701845769427,1748.445969890088,-11.443169275870822
-1.515,32.86869344501833,238.42676383412086,1739.9228683245558,-11.34020532768694
-1.51,32.93973409040347,238.09635327560994,1731.4145147863292,-11.237639139424434
-1.505,33.01128157219502,237.76579103803263,1722.920943316406,-11.135470867370415
-1.5,33.08334234932663,237.43508151131442,1714.4421883212553,-11.033700669719659
-1.495,33.15592300214048,237.10422922359584,1705.9782845811094,-10.932328706608873
-1.49,33.22903023538776,236.77323884524918,1697.5292672571336,-10.8313551401518
-1.485,33.30267088166209,236.44211519482283,1689.0951719076102,-10.73078013447493
-1.48,33.376851904096156,236.11086324071684,1680.6760344825382,-10.63060385575469
-1.475,33.45158040028002,235.77948810893565,1672.2718913477627,-10.53082647225473
-1.47,33.526863605450394,235.44799508657692,1663.8827792874552,-10.43144815436471
-1.465,33.60270889613015,235.11638962729447,1655.5087355158369,-10.332469074639876
-1.46,33.67912379382702,234.7846773566316,1647.149797687605,-10.233889407841557
-1.455,33.75611596885783,234.4528640775788,1638.8060039089332,-10.13570933097879
-1.45,33.83369324429796,234.12095577631646,1630.4773927486594,-10.037929023350868
-1.445,33.91186360006483,233.78895862819192,1622.164003250042,-9.94054866659113
-1.44,33.990635177140135,233.45687900391937,1613.8658749428732,-9.843568444711686
-1.435,34.07001628193428,233.12472347600962,1605.58304785601,-9.746988544149442
-1.43,34.15001539080059,232.79249882544414,1597.3155625303339,-9.650809153813242
-1.425,34.230641154709176,232.46021204863376,1589.0634600323717,-9.555030465132266
-1.42,34.311902404077955,232.12787036460813,1580.8267819681573,-9.45965267210566
-1.415,34.39380815377788,231.79548122251992,1572.60557049783,-9.364675971353549
-1.41,34.476367608313424,231.46305230943267,1564.3998683507057,-9.270100562169308
-1.405,34.55959016718654,231.13059155841322,1556.2097188408966,-9.175926646573348
-1.4,34.64348543045508,230.7981071569583,1548.0351658836012,-9.08215442936824
-1.395,34.72806320449056,230.46560755575157,1539.876254011967,-8.988784118195413
-1.39,34.81333350794686,230.133101477783,1531.7330283946737,-8.895815923593371
-1.385,34.899306577947875,229.80059792783678,1523.605534854176,-8.80325005905753
-1.38,34.98599287650371,229.46810620236994,1515.4938198856887,-8.711086741101669
-1.375,35.07340309716706,229.13563589980308,1507.39793067695,-8.61932618932118
-1.37,35.16154817193958,228.80319693123923,1499.3179151287934,-8.527968626458009
-1.365,35.25043927844035,228.47079953163325,1491.2538218765433,-8.437014278467487
-1.36,35.34008784734824,228.1384542714368,1483.205700312342,-8.34646337458709
-1.355,35.43050557013181,227.80617206874274,1475.1736006084031,-8.256316147407098
-1.35,35.52170440707908,227.4739642019475,1467.157573741234,-8.166572832943393
-1.345,35.61369659564329,227.14184232297154,1459.157671516941,-8.077233670712301
-1.34,35.70649465911886,226.8098184710591,1451.1739465976445,-7.988298903807721
-1.335,35.80011141566268,226.47790508717947,1443.206452528985,-7.8997687789804445
-1.33,35.894559987679834,226.14611502908062,1435.2552437689412,-7.81164354671995
-1.325,35.98985381159143,225.8144615870185,1427.3203757179044,-7.723923461338565
-1.32,36.086006648002446,225.48295850020162,1419.4019047501554,-7.6366087810582375
-1.315,36.18303269946477,225.15162047085332,1411.4998905502637,-7.549699768099968
-1.31,36.280946116691446,224.8204608425336,1403.6143853039205,-7.463196688775959
-1.305,36.37976194048902,224.48949592777095,1395.7454536878497,-7.377099813584671
-1.3,36.4794952998842,224.1587412610871,1387.8931554770397,-7.291409417308864
-1.295,36.58016170900819,223.82821295123082,1380.0575518063977,-7.206125779116674
-1.29,36.68177713864219,223.49792792900985,1372.2387060760834,-7.121249182666026
-1.285,36.78435793378276,223.16790357270534,1364.4366823538205,-7.036779916212281
-1.28,36.887920858451864,222.83815785152856,1356.65154588181,-6.952718272719514
-1.275,36.992483146372074,222.50870951924583,1348.883363917645,-6.869064549975289
-1.27,37.09806244108265,222.1795777984642,1341.1322042340391,-6.785819050709387
-1.265,37.20467689523214,221.85078277460943,1333.3981367872725,-6.702982082716346
-1.26,37.31234512406424,221.52234515203546,1325.6812326050092,-6.620553958982253
-1.255,37.42108625726132,221.19428642824897,1317.981564447609,-6.538534997815747
-1.25,37.53091994212377,220.866628860477,1310.2992065947565,-6.456925522983626
-1.245,37.64186637295787,220.53939554226767,1302.6342350965142,-6.3757258638510494
-1.24,37.75394630511438,220.21261041084585,1294.9867277188025,-6.294936355526731
-1.235,37.867181079328255,219.88629829723408,1287.356764071891,-6.214557339013266
-1.23,37.98159264449435,219.56048496620977,1279.7444256868648,-6.134589161362805
-1.225,38.09720358116869,219.23519715795797,1272.1497960994068,-6.05503217583841
-1.22,38.21403712674074,218.91046263280205,1264.5729609363273,-5.975886742081289
-1.215,38.332117202116265,218.5863102201655,1257.0140080175913,-5.89715322628424
-1.21,38.45146844015036,218.26276987139633,1249.4730274669923,-5.818832001371621
-1.205,38.57211621492646,217.93987271306872,1241.9501118192848,-5.740923447186141
-1.2,38.694086673351244,217.61765110640312,1234.4453561456955,-5.663427950682835
-1.195,38.81740676838795,217.29613870981674,1226.9588581851333,-5.586345906130654
-1.19,38.9421042943719,216.97537054626167,1219.4907184876338,-5.509677715321993
-1.185,39.06820792449017,216.65538307530747,1212.0410405687921,-5.433423787790672
-1.18,39.19574725064809,216.33621427067115,1204.6099310777038,-5.3575845410388006
-1.175,39.32475282603062,216.01790370407957,1197.1974999810434,-5.282160400773079
-1.17,39.455256210435564,215.70049263544632,1189.8038607624246,-5.207151801151044
-1.165,39.58729001882852,215.38402411079457,1182.4291306418525,-5.132559185037914
-1.16,39.72088797333928,215.06854306837891,1175.0734308159958,-5.058383004274682
-1.155,39.85608495909105,214.75409645411997,1167.736886722579,-4.9846237199581775
-1.15,39.99291708427466,214.44073334747824,1160.4196283320427,-4.911281802733852
-1.145,40.13142174491401,214.12850509897095,1153.1217904697448,-4.838357733102272
-1.14,40.27163769486319,213.8174654808447,1145.8435131730264,-4.765852001740124
-1.135,40.41360512162358,213.50767085251303,1138.5849420875481,-4.693765109836955
-1.13,40.557365728666156,213.19918034267124,1131.3462289083104,-4.62209756944865
-1.125,40.70296282503449,212.89205605024316,1124.1275318713272,-4.550849903869127
-1.12,40.850441423108,212.58636326659217,1116.9290163026592,-4.480022648021523
-1.115,40.99984834554466,212.28217072186163,1109.7508552328877,-4.409616348870631
-1.11,41.15123234254516,211.97955085858925,1102.5932300855306,-4.339631565858309
-1.105,41.304644220766576,211.67858013632207,1095.4563314498455,-4.270068871363861
-1.1,41.46013698538238,211.3793393713622,1088.3403599491783,-4.200928851191716
-1.095,41.61776599701278,211.08191411643446,1081.2455272180198,-4.132212105088912
-1.09,41.77758914548837,210.7863950856929,1074.1720570023913,-4.063919247295245
-1.085,41.93966704269508,210.49287863126264,1067.1201864003071,-3.996050907129252
-1.08,42.104063237060856,210.2014672783367,1060.0901672610871,-3.9286077296137987
-1.075,42.27084445261453,209.9122703268329,1053.0822677648002,-3.8615903761452075
-1.07,42.44008085595594,209.6254045286879,1046.096774205831,-3.7949995252107085
-1.065,42.61184635494784,209.3409948510839,1039.13399300749,-3.7288358731593645
-1.06,42.78621893347085,209.05917533727663,1032.1942529980238,-3.6631001350325056
-1.055,42.963281027184465,208.78009007821882,1025.2779079819604,-3.5977930454603566
-1.05,43.14311994591833,208.50389430988608,1018.3853396448059,-3.532915359632529
-1.045,43.32582834908354,208.2307556531271,1011.5169608336191,-3.468467854351043
-1.04,43.5115047813586,207.96085551496887,1004.6732192607302,-3.404451329175728
-1.035,43.70025427686958,207.69439067265458,997.854601683215,-3.3408666076730924
-1.03,43.892189041177836,207.43157506431498,991.0616386165627,-3.277714538781421
-1.025,44.087429221590845,207.17264181297787,984.294909646914,-3.2149959983062573
-1.02,44.28610377767254,206.91784551380553,977.5550494131512,-3.152711890562687
-1.015,44.48835146532355,206.66746481782232,970.8427543369231,-3.090863150182629
-1.01,44.694321949465646,206.4218053491279,964.1587901862657,-3.0294507441080714
-1.005,44.90417706219156,206.18120299657764,957.504000566168,-2.968475673793619
-1.0,45.11809222524736,205.94602762519543,950.8793164374142,-2.907938977644984
-0.995,45.336258057907706,205.71668725715747,944.2857667732582,-2.8478417337232953
-0.99,45.558882193669675,205.4936327769451,937.7244904714238,-2.788185062748946
-0.985,45.78619133174527,205.27736322024143,931.1967496467598,-2.7289701314429156
-0.98,46.01843355205815,205.06843171125468,924.7039444372427,-2.6701981562481167
-0.975,46.25588092529806,204.86745211813235,918.2476294618742,-2.611870407478524
-0.97,46.498832452573424,204.6751065011072,911.8295320741113,-2.5539882139494763
-0.965,46.747617372212176,204.49215343246124,905.4515725566206,-2.4965529681487384
-0.96,47.00259887424795,204.31943727123272,899.1158864026052,-2.439566132014761
-0.955,47.2641782659632,204.15789847833548,892.8248488239606,-2.3830292433957965
-0.95,47.53279963436717,204.00858505888374,886.5811016156485,-2.3269439232715277
-0.945,47.80895505345868,203.87266521739608,880.3875824873388,-2.2713118838272788
-0.94,48.09319038521356,203.75144130712187,874.2475569442435,-2.216134937479789
-0.935,48.38611172308978,203.6463651460699,868.1646527572703,-2.161415006962909
-0.93,48.688392524833525,203.55905475756882,862.1428970026716,-2.1071541365911055
-0.925,49.000781476824194,203.49131257058934,856.1867555690652,-2.0533545048285533
-0.92,49.3241111241241,203.4451450819635,850.3011749183547,-2.0000184383008413
-0.915,49.65930728755668,203.42278393572653,844.491625738061,-1.9471484273956128
-0.91,50.00739926987284,203.42670830989604,838.7641479259064,-1.894747143606281
-0.905,50.36953082532311,203.45966841285485,833.1253960903658,-1.842817458779323
-0.9,50.746971828007766,203.52470977335287,827.5826844171172,-1.7913624664296353
-0.895,51.14113052085907,203.6251978517743,822.1440293219011,-1.7403855052885895
-0.89,51.55356615474423,203.76484229548018,816.8181877614771,-1.6898901852449035
-0.885,51.98600173071145,203.94771989547115,811.6146883790612,-1.63988041582706
-0.88,52.44033643136797,204.1782949604522,806.5438517862002,-1.5903604373556937
-0.875,52.918657162145614,204.4614353907551,801.6167951943677,-1.5413348548623982
-0.87,53.42324841076609,204.80242218908145,796.8454152678183,-1.4928086748242457
-0.865,53.95659936360404,205.206949467491,792.2423414374352,-1.444787344696696
-0.86,54.52140688005945,205.68111117992487,787.8208499598551,-1.3972767951366394
-0.855,55.120572510226424,206.23136981035017,783.5947267104198,-1.3502834846856058
-0.85,55.757191238485866,206.86450106883106,779.5780640689185,-1.30381444652397
-0.845,56.43452904238691,207.58750729807429,775.7849743497457,-1.257877336701902
-0.84,57.15598567718981,208.4074908034756,772.2291991702348,-1.2124804829930587
-0.835,57.92503835156916,209.33147676454345,768.9235911826934,-1.1676329331930235
-0.83,58.745161192423815,210.36617390110737,765.8794421167357,-1.1233445012871979
-0.825,59.61971468449705,211.51765987910798,763.1056297082758,-1.0796258094339408
-0.82,60.551798740160216,212.79097789285132,760.6075567346614,-1.0364883231434034
-0.815,61.54406289707557,214.189631449823,758.385859280845,-0.9939443763806812
-0.81,62.59846762618086,215.7149667843171,756.4348701594084,-0.9520071825926513
-0.805,63.71599221647727,217.36543739302832,754.7408390780174,-0.9106908268724769
-0.8,64.89628762471567,219.13575392110252,753.2799358833928,-0.8700102336743019
-0.795,66.13727752343708,221.01593606919693,752.0160990840426,-0.8299811037359639
-0.79,67.43471800723347,222.99030219854694,750.8988402296866,-0.7906198132525959
-0.785,68.78173631584436,225.0364571995019,749.8611753459975,-0.7519432679936169
-0.78,70.16838142088044,227.12436922346575,748.817924378122,-0.7139687051290724
-0.775,71.58123367220743,229.21565863985995,747.6646911142117,-0.6767134362128808
-0.77,73.00313524535268,231.26325335289886,746.2778964985231,-0.6401945262564204
-0.765,74.41311505568139,233.2115860364724,744.5162689145387,-0.6044284062917247
-0.76,75.78658715331912,234.99751120763372,742.2241727533262,-0.5694304203847889
-0.755,77.09589572359468,236.5520926574071,739.2370577362123,-0.5352143127138653
-0.75,78.31125832723946,237.80334560412044,735.3891189938491,-0.5017916659007664
-0.745,79.40211943164623,238.67990966365025,730.5229708209783,-0.46917130787995864
-0.74,80.33886984739509,239.11548483396058,724.5007796837624,-0.4373587105827861
-0.735,81.09482085366842,239.05370240695055,717.2159291096712,-0.40635540877923404
-0.73,81.64825649447567,238.4529574793552,708.6039812548279,-0.3761584706449508
-0.725,81.98433935361642,237.29063758580662,698.6515476303787,-0.34676005217181416
-0.72,82.09662940347103,235.56617719019852,687.4017580332685,-0.31814706486223443
-0.715,81.98800216866239,233.30246838992068,674.9553492825821,-0.2903009801486749
-0.71,81.67082141914615,230.54535641607174,661.4669453481006,-0.2631977851387495
-0.705,81.16632129624334,227.36120891654096,647.1367650639814,-0.23680809362268018
-0.7,80.50326242997092,223.83281578446264,632.1986314310394,-0.21109740519280162
-0.695,79.71602235669093,220.05409337419633,616.9056295560663,-0.18602649531589943
-0.69,78.8423427167831,216.12418974818564,601.514976124522,-0.1615519115686963
-0.685,77.92097449110261,212.14159928850816,586.273600302401,-0.1376265468406941
-0.68,76.98943987972439,208.19880781181726,571.4056427419595,-0.11420025938869038
-0.675,76.08207689428956,204.377837092232,557.1026515640591,-0.09122051188619285
-0.67,75.22846667262213,200.746882947398,543.5168004363434,-0.06863300630546343
-0.665,74.45227981714953,197.35808212887068,530.7570649565454,-0.04638229762250656
-0.66,73.77052829415295,194.24632584191448,518.8880242727155,-0.024412375934520725
-0.655,73.19317927146058,191.42897204045775,507.9308206157835,-0.0026672127387112887
-0.65,72.72307681227709,188.90629151964853,497.8657938589096,0.018908727829014982
-0.645,72.35612263353399,186.6625021521474,488.63637598949845,0.04037000848126171
-0.64,72.08168201825868,184.66728517318262,480.15393947209844,0.06176976288899816
-0.635,71.8831986502663,182.87772077676863,472.30340448994383,0.08315925824594839
-0.63,71.73901633003527,181.2406133670766,464.94949179917324,0.10458747161825288
-0.625,71.62341124445744,179.69518949671686,457.94354037848854,0.12610067818384074
-0.62,71.5078326286784,178.17613870980333,451.1307847447399,0.147742053116791
-0.615,71.3623316725296,176.61692986601284,444.35791143829834,0.16955129291108362
-0.61,71.1571306691717,174.9532798724452,437.4806062216573,0.19156426580980623
-0.605,70.86425188937177,173.12659055828377,430.370691913831,0.2138127041321476
-0.6,70.45909600484381,171.08711892878463,422.9223759260997,0.23632395313449228
-0.595,69.92184143822547,168.79662280775722,415.05710865717236,0.25912079119142684
-0.59,69.23853585936742,166.23024037397377,406.7266198137485,0.2822213343328248
-0.585,68.40177270963824,163.37742239494182,397.91385130143254,0.3056390345895581
-0.58,67.41088754350714,160.24183337082883,388.63172231382714,0.32938277653568715
-0.575,66.2716643125476,156.8402556055559,378.9199057936262,0.353457070469553
-0.57,64.995599978891,153.20064574244014,368.84001799087054,0.3778623345997292
-0.565,63.59882567626983,149.35958408129704,358.46978122008835,0.4025952531607184
-0.56,62.10081494544191,145.359406932264,347.89678702929865,0.4276491932218245
-0.555,60.52301982142175,141.24531552064346,337.2124580494651,0.45301466048708505
-0.55,58.88756448611,137.06271644051589,326.50669826639415,0.4786797737498789
-0.545,57.216098930477095,132.85498128933824,315.86356398856896,0.5046307387287245
-0.54,55.528879074821845,128.66173332776071,305.35811630714596,0.5308523044286186
-0.535,53.84410268848034,124.51769217646805,295.05446058517794,0.5573281884861354
-0.53,52.17749824292467,120.45204482942438,285.00485939256976,0.5840414616840743
-0.525,50.54214006521668,116.48826828199554,275.2497304453741,0.6109748855343293
-0.52,48.9484488926947,112.64430644887292,265.81830865060584,0.6381112001978693
-0.515,47.40433131502278,108.93299881493546,256.729752989581,0.665433362830584
-0.51,45.91541266842394,105.36266564915844,247.99450368613856,0.6929247386173416
-0.505,44.48532340025125,101.9377695439399,239.6157321510741,0.72056924828078
-0.5,43.11600660822857,98.65959114146602,231.59076685421175,0.7483514767854273
-0.495,41.808022703474684,95.5268749564231,223.91241653844807,0.7762567483986409
-0.49,40.56083482817621,92.53641720083341,216.5701446416456,0.8042711733272103
-0.485,39.37306515812548,89.68358049552103,209.5510740855992,0.8323816709303393
-0.48,38.242717305673835,86.96273009841295,202.84081979400264,0.8605759741113963
-0.475,37.16736373719095,84.3675930448824,196.42415829225436,0.8888426189901764
-0.47,36.14429960436149,81.89154586853691,190.28555075037292,0.9171709234146752
-0.465,35.170665895907305,79.52783891400735,184.4095391276916,0.9455509573291896
-0.46,34.24354558720032,77.26976620045181,178.78103580298114,0.9739735075024993
-0.455,33.360036716486306,75.11078980106676,173.38552615538396,1.0024300386530482
-0.45,32.517306226168415,73.04462712914008,168.20920170520162,1.030912652595726
-0.445,31.7126281125829,71.06530863073698,163.23903913103996,1.0594140466795965
-0.44,30.943409027117426,69.167212363151,158.46283808607984,1.0879274724857653
-0.435,30.207204033167272,67.34508090751005,153.86922844772945,1.1164466955058518
-0.43,29.501724790786238,65.59402509610148,149.44765556577886,1.1449659563183685
-0.425,28.824842039522252,63.909518168561256,145.188350275201,1.173479933617097
-0.42,28.174583892839003,62.287383221561214,141.0822889210541,1.2019837093165044
-0.415,27.54913114943562,60.723776185083146,137.12114739070944,1.2304727358584875
-0.41,26.946810567130974,59.21516603720123,133.2972521358233,1.2589428057678425
-0.405,26.366086830327447,57.75831354680351,129.60353036130135,1.287390023446004
-0.4,25.805553767379706,56.350249496279574,126.03346092791958,1.315810779150333
-0.395,25.263925234003537,54.988253070509614,122.58102702870238,1.3442017250762972
-0.39,24.740025967734574,53.66983089196077,119.24067132909343,1.3725597534396714
-0.385,24.23278263138072,52.39269702320815,116.00725398373763,1.4008819764431548
-0.38,23.74121519597845,51.15475413823367,112.87601373862744,1.4291657080049518
-0.375,23.264428762132553,49.95407597435361,109.84253218007007,1.457408447124399
-0.37,22.801605879592408,48.78889111101477,106.90270108835351,1.485607862760343
-0.365,22.351999395823775,47.65756807457236,104.05269278353907,1.5137617801011705
-0.36,21.914925843027778,46.558601735270884,101.28893330533823,1.5418681681100757
-0.355,21.489759357759592,45.490600940503434,98.60807824192464,1.5699251282349933
-0.35,21.075926116654454,44.45227731443617,96.00699100900619,1.5979308841791031
-0.345,20.672899264619655,43.442435146045675,93.48272337646411,1.6258837726347743
-0.34,20.28019430738451,42.459962284023355,91.03249804270551,1.6537822348907292
-0.335,19.897364937793196,41.50382195652255,88.65369306419194,1.6816248092291528
-0.33,19.523999264174428,40.5730454354558,86.34382795787322,1.7094101240363058
-0.325,19.159716409119845,39.66672546827669,84.10055130626029,1.7371368915565566
-0.32,18.804163447732947,38.78401040435146,81.92162970772189,1.7648039022260638
-0.315,18.457012655644874,37.92409894776335,79.8049379277012,1.7924100195279367
-0.31,18.117959038648067,37.086235473390474,77.74845011944984,1.8199541753162949
-0.305,17.78671811755191,36.26970584817221,75.75023199532762,1.8474353655615041
-0.3,17.46302394370423,35.47383370445448,73.80843384147576,1.874852646473613
-0.295,17.14662732249653,34.69797711711599,71.92128427968305,1.902205130965152
-0.29,16.83729422400955,33.9415256407247,70.08708469041878,1.9294919854184596
-0.285,16.534804361742438,33.20389766725255,68.30420422034311,1.9567124267261535
-0.28,16.23894992206758,32.48453806884342,66.57107530610008,1.9838657195766025
-0.275,15.949534428654081,31.782916093781733,64.88618965387697,2.0109511739592727
-0.27,15.666371727602117,31.098523487164748,63.24809462116358,2.0379681428673146
-0.265,15.389285080417404,30.430872810831538,61.65538995335973,2.0649160201772343
-0.26,15.118106353230718,29.779495939862546,60.10672483343521,2.0917942386876787
-0.255,14.852675291848767,29.14394271548021,58.60079520783658,2.1186022683011836
-0.25,14.592838873285267,28.523779736416127,57.13634135621507,2.1453396143345396
-0.245,14.338450725401945,27.91858927284585,55.71214567649212,2.1720058159450155
-0.24,14.089370607170212,27.32796828879613,54.32703066022523,2.1986004446609964
-0.235,13.845463942866512,26.751527560554553,52.979857036314804,2.225123103006857
-0.23,13.606601404231384,26.188890880046674,51.66952206377179,2.2515734232130598
-0.225,13.372658535276635,25.639694333440037,50.394957956665614,2.2779510660033946
-0.22,13.143515415004298,25.10358564636861,49.15513042644265,2.304255719452151
-0.215,12.91905635382603,24.58022358818836,47.94903732865224,2.330487097904881
-0.21,12.699169619938957,24.069277428570093,46.775707402720215,2.3566449409570387
-0.205,12.483747192333094,23.57042644053091,45.63419909482244,2.3827290124853855
-0.2,12.272684537478707,23.083359444706975,44.52359945514364,2.408739099727702
-0.195,12.065880407074646,22.607774390289894,43.44302310188615,2.434675012406725
-0.19,11.863236654536484,22.143377968596077,42.39161124533546,2.460536581894761
-0.185,11.66465806816551,21.68988525571922,41.36853076611243,2.486323660415713
-0.18,11.470052219174752,21.24701938113994,40.37297334245916,2.512036120281698
-0.175,11.279329322957823,20.81451121954288,39.40415462203765,2.5376738531616563
-0.17,11.0924021121668,20.392099103412832,38.46131343425564,2.563236769379701
-0.165,10.909185720335314,19.979528554279547,37.54371103962526,2.5887247972411167
-0.16,10.729597574920613,19.576552030722734,36.65063041305653,2.614137882384131
-0.155,10.553557298773814,19.182928691482932,35.78137555837134,2.639475987155885
-0.15,10.380986619155372,18.798424172209106,34.935270851616636,2.664739090011042
-0.145,10.211809283517015,18.422810374552174,34.11166041104826,2.6899271849316944
-0.14,10.045950981357551,18.055865266459428,33.30990749188362,2.7150402808673793
-0.135,9.883339271540557,17.697372692660174,32.52939390413899,2.7400784011940673
-0.13,9.723903514529447,17.347122194446392,31.769519452045124,2.765041583191174
-0.125,9.567574809057387,17.00490883795401,31.029701393693006,2.789929877535596
-0.12,9.414285932803905,16.670533050241325,30.30937391970606,2.814743347812075
-0.115,9.263971286696991,16.343800462537075,29.60798764985064,2.8394820700389976
-0.11,9.116566842502108,16.02452176010085,28.9250091466066,2.864146132209041
-0.105,8.972010093396728,15.712512538198576,28.25992044481268,2.888735633843966
-0.1,8.830240007261777,15.407593163748878,27.612218596581897,2.913250685562997
-0.095,8.69119698245007,15.109588642242462,26.98141523075551,2.937691408664263
-0.09,8.554822805818963,14.818328489579617,26.367036126228264,2.962057934718763
-0.085,8.42106061283474,14.533646608503764,25.76862079852878,2.986350405176419
-0.08,8.289854849578633,14.255381169344613,25.185722099094814,3.010568970983762
-0.075,8.16115123650106,13.983374494810757,24.61790582672224,3.0347137922129033
-0.07,8.034896733786368,13.717472948596296,24.06475035070553,3.0587850377013073
-0.065,7.911039508204908,13.45752682758951,23.525846245224326,3.082782884702129
-0.06,7.789528901341137,13.20339025748981,23.000795934558276,3.1067075185447135
-0.055,7.670315399097431,12.95492109165674,22.489213348740584,3.1305591323049367
-0.05,7.553350602384156,12.711980813032111,21.990723589287857,3.1543379264851517
-0.045,7.438587198913528,12.474434438986817,21.504962604660328,3.1780441087033737
-0.04,7.325978936023574,12.242150428958125,21.031576875129645,3.201677893391507
-0.035,7.215480594465826,12.01500059475472,20.57022310675046,3.22523950150234
-0.03,7.10704796309545,11.792860013414469,20.120567934143555,3.2487291602250044
-0.025,7.000637814408948,11.575606942510284,19.6822876318172,3.272147102708773
-0.02,6.896207880878653,11.363122737805925,19.255067833763036,3.2954935677948765
-0.015,6.793716832038946,11.155291773172388,18.838603261078635,3.318768799756173
-0.01,6.693124252281582,10.952001362679567,18.432597457375422,3.341973048044454
-0.005,6.594390619322296,10.753141684785302,18.036762531744504,3.3651065670451676
-0.0,6.497477283303201,10.558605708548196,17.650818909060344,3.388169615839414
0.005,6.402346446499084,10.368289121795367,17.274495087410717,3.411162457972957
0.01,6.308961143597907,10.182090261180814,16.907527402450835,3.4340853612321456
0.015,6.217285222528196,9.999910044073188,16.54965979848478,3.4569385974265128
0.02,6.127283325807818,9.821651902214935,16.200643606084192,3.479722442177899
0.025,6.038920872392064,9.647221717100695,15.860237326065743,3.502437174715985
0.03,5.952164039998015,9.47652775702042,15.5282064196449,3.5250830776799487
0.035,5.866979747886613,9.309480615721009,15.204323104600123,3.5476604369262756
0.04,5.783335640083184,9.145993152638129,14.88836615727797,3.5701695413423615
0.045,5.701200069019857,8.985980434655476,14.580120720281867,3.5926106826659505
0.05,5.620542079583083,8.829359679347158,14.27937811568454,3.614984155310111
0.055,5.541331393552446,8.676050199664918,13.985935663616882,3.637290256193743
0.06,5.463538394415811,8.52597335002934,13.69959650608222,3.659529284577334
0.065,5.387134112548759,8.379052473789582,13.420169435856481,3.6817015419039945
0.07,5.312090210745049,8.235212852013795,13.147468730331195,3.7038073316454874
0.075,5.238378970087844,8.094381653577797,12.88131399016771,3.7258469591532117
0.08,5.16597327615016,7.956487886517366,12.621529982628443,3.7478207315140217
0.085,5.094846605514473,7.821462350612226,12.367946489457173,3.769728957410681
0.09,5.024973012602357,7.6892375911711826,12.120398159184193,3.7915719469869407
0.095,4.956327116804582,7.5597478539876635,11.878724363733497,3.8133500117170187
0.1,4.888884089903798,7.432929041437472,11.642769059214762,3.8350634642794366
0.105,4.8226196437808015,7.308718669689233,11.412380650782623,3.8567126184350746
0.11,4.757510018397718,7.1870558270015685,11.187411861452821,3.8782977889093484
0.115,4.693531970049909,7.06788113307912,10.967719604763287,3.8998192912783587
0.12,4.630662759880105,6.951136699462332,10.753164861174843,3.921277441858992
0.125,4.568880142648034,6.8367660909255035,10.543612558106231,3.9426725576027617
0.13,4.508162355749141,6.72471428785873,10.338931453502374,3.9640049559933908
0.135,4.448488108476161,6.614927649609491,10.138994022836144,3.9852749549479674
0.14,4.389836571518073,6.507353878761204,9.943676349447864,4.006482872721602
0.145,4.332187366690328,6.401941986325369,9.752858018127602,4.027629027815502
0.15,4.275520556891426,6.29864225782573,9.566422011849195,4.048713738888351
0.155,4.219816636280278,6.197406220252418,9.384254611566032,4.069737324670911
0.16,4.165056520669539,6.098186609865238,9.20624529898202,4.0907001038837825
0.165,4.11122153812991,6.000937340825142,9.03228666221195,4.111602395158146
0.17,4.058293419800917,5.905613474634319,8.862274304249983,4.132444516959565
0.175,4.006254290903399,5.812171190364564,8.696106754164116,4.153226787514592
0.18,3.9550866619494363,5.720567755655137,8.533685380939103,4.173949524740196
0.185,3.9047734201454043,5.630761498461189,8.374914309891375,4.19461304617593
0.19,3.8552978209840143,5.542711779534312,8.219700341580873,4.215217668918718
0.195,3.8066434800212363,5.456378965617307,8.067952873148029,4.235763709560219
0.2,3.758794364834285,5.371724403335646,7.919583822004915,4.256251484126688
0.205,3.7117347871566246,5.288710393768262,7.7745075518118885,4.276681308021246
0.21,3.6654493951866676,5.207300167681285,7.632640800673244,4.297053495968509
0.215,3.619923166065734,5.127457861407446,7.49390261148582,4.31736836196152
0.22,3.5751413985228093,5.049148493356358,7.3582142643787645,4.337626219210839
0.225,3.531089705681653,4.972337941138833,7.225499211181559,4.357827380095845
0.23,3.4877540080272538,4.896992919290347,7.095683011860761,4.377972156118085
0.235,3.445120526528259,4.823080957578523,6.968693272867152,4.39806085785666
0.24,3.4031757759123726,4.750570379880433,6.8444595873373135,4.418093794925562
0.245,3.361906558090879,4.679430283614382,6.72291347709304,4.438071275932921
0.25,3.321299955729905,4.609630519713149,6.603988336386378,4.457993608442096
0.255,3.2813433259647917,4.5411416731242635,6.487619377337406,4.477861098934541
0.26,3.242024294255013,4.4739350438244125,6.373743577014501,4.497674052774426
0.265,3.203330748376349,4.407982628334514,6.2622996261076675,4.517432774174906
0.27,3.165250832547463,4.343257101722637,6.153227879146898,4.537137566166036
0.275,3.1277729416884905,4.279731800082824,6.046470306219887,4.5567887305642545
0.28,3.090885715808182,4.217380703476769,5.941970446142951,4.576386567943383
0.285,3.0545780345174616,4.156178419327127,5.839673361042111,4.59593137760713
0.29,3.018839011666378,4.096100166250303,5.739525592301137,4.615423457562967
0.295,2.983657990101983,4.0371217583176735,5.6414751178357605,4.634863104497458
0.3,2.9490245365443863,3.9792195897337037,5.545471310653105,4.654250613752857
0.305,2.9149284365789554,3.922370619920901,5.451464898658643,4.673586279305054
0.31,2.8813596897613514,3.8665523589998534,5.359407925671119,4.6928703937427345
0.315,2.8483085048338284,3.8117428536550895,5.269253713610152,4.71210324824777
0.32,2.815765295049913,3.757920673376139,5.180956825820277,4.731285132576779
0.325,2.783720673605089,3.705064897063741,5.094473031496345,4.7504163350437985
0.33,2.752165449171447,3.653155099992014,5.00975927117741,4.769497142504048
0.335,2.721090621534177,3.602171341117405,4.926773623276726,4.788527840338801
0.34,2.6904873773269014,3.5520941507240997,4.8454752716146245,4.807508712441185
0.345,2.6603470858648453,3.5029045183986636,4.765824473925914,4.826440041203059
0.35,2.630661295072628,3.454583881323637,4.687782531309893,4.845322107502762
0.355,2.6014217275052505,3.4071141128825713,4.611311758595448,4.864155190693841
0.36,2.5726202764601687,3.3604775115680527,4.536375455592927,4.882939568594619
0.365,2.5442490021780135,3.3146567901841935,4.46293787920516,4.901675517478656
0.37,2.5163001281304815,3.2696350653362027,4.390964216371698,4.920363312065969
0.375,2.488766037393375,3.225395847199465,4.32042055782117,4.939003225515143
0.38,2.461639269102565,3.181923029559996,4.251273872605779,4.9575955294161185
0.385,2.4349125149913204,3.139200880119577,4.183491983395026,4.976140493783773
0.39,2.4085786160071923,3.0972140310583134,4.117043542504872,4.994638387052156
0.395,2.3826305590066674,3.0559474698478253,4.051898008640168,5.013089476069487
0.4,2.357061473525441,3.0153865303077674,3.9880256243276135,5.0314940260937515
0.405,2.331864628623289,2.975516883899955,3.925397394019113,5.049852300788942
0.41,2.307033429801326,2.9363245312531374,3.863985062844347,5.068164562221936
0.415,2.282561415990168,2.897795793912261,3.803761095992572,5.086431070859923
0.42,2.258442256607418,2.8599173063063175,3.7446986587046873,5.104652085568438
0.425,2.2346697486829497,2.822676007928844,3.6867715968567105,5.122827863609903
0.43,2.2112378140502504,2.7860591357251225,3.629954418116268,5.140958660642716
0.435,2.188140496602502,2.7500542166807587,3.574222273654991,5.159044730720822
0.44,2.1653719596118846,2.7146490606060607,3.5195509403994305,5.177086326293778
0.445,2.142926483110489,2.6798317531107716,3.4659168038039825,5.195083698207285
0.45,2.1207984613316855,2.64559064876431,3.4132968411301143,5.213037095704144
0.455,2.098982400210416,2.6119143644362968,3.3616686052161997,5.230946766425663
0.46,2.077472914940859,2.578791772812259,3.3110102087226476,5.248812956413452
0.465,2.056264727590682,2.5462119960804186,3.2613003088386523,5.266635910111636
0.47,2.035352664769872,2.5141643997840357,3.212518092435278,5.284415870369399
0.475,2.0147316553534553,2.482638586835549,3.164643261652224,5.302153078443943
0.48,1.994396728256597,2.4516243916878055,3.117656019904603,5.319847774003733
0.485,1.9743430102608548,2.4211118746580436,3.0715370582968213,5.33750019513214
0.49,1.9545657238903982,2.3910913164005545,3.02626754243126,5.3551105783313115
0.495,1.9350601853373004,2.36155321252429,2.9818290996001013,5.37267915852644
0.5,1.915821802434212,2.332488268350765,2.9382038063477207,5.39020616907023
0.505,1.896846072673848,2.3038873938091706,2.895374176393294,5.407691841747706
0.51,1.8781285812739434,2.2757416984646275,2.8533231489022626,5.425136406781256
0.515,1.8596649992865053,2.24804248667582,2.812034077095804,5.4425400928359124
0.52,1.8414510817506777,2.2207812528789495,2.771490717188703,5.459903127024881
0.525,1.8234826658877556,2.193949676994057,2.731677217644952,5.477225734915325
0.53,1.805755669337789,2.1675396199508623,2.692578108742071,5.494508140534315
0.535,1.7882660884363726,2.1415431193303895,2.654178292434152,5.511750566375011
0.54,1.7710099965311075,2.1159523851197837,2.616463032505356,5.528953233403034
0.545,1.7539835423364738,2.090759795576812,2.5794179450044585,5.546116361063058
0.55,1.737182948326305,2.0659578932011895,2.5430289889521465,5.563240167285495
0.555,1.7206045091630566,2.041539380809961,2.507282457312991,5.580324868493422
0.56,1.704244590162955,2.017497117714047,2.472164968224061,5.597370679609638
0.565,1.6880996257961125,1.9938241159931176,2.437663456472267,5.614377814063861
0.57,1.6721661182208363,1.970513536866227,2.4037651652131644,5.631346483800069
0.575,1.656440635851423,1.9475586871557178,2.370457637924041,5.648276899283999
0.58,1.640919811958431,1.9249530158416082,2.3377287105839337,5.665169269510732
0.585,1.6256003433008681,1.9026901107042744,2.3055665040741133,5.682023802012399
0.59,1.6104789887894368,1.8807636950529418,2.273959416792335,5.69884070286605
0.595,1.5955525681800728,1.859167624537567,2.2428961174742894,5.715620176701527
0.6,1.5808179607972404,1.8378958840421644,2.2123655382165053,5.732362426709559
0.605,1.5662721042859833,1.8169425846569591,2.1823568676941463,5.749067654649818
0.61,1.5519119933923406,1.7963019607276023,2.1528595445683174,5.765736060859126
0.615,1.5377346787713562,1.77596836697932,2.1238632510772812,5.782367844259792
0.62,1.5237372658218673,1.755936275713678,2.0953579068056163,5.798963202367885
0.625,1.5099169135477595,1.7362002740764841,2.067333662626734,5.815522331301666
0.63,1.4962708334447643,1.7167550613945473,2.0397808948131226,5.832045425790111
0.635,1.482796288412377,1.697595446579612,2.0126901993095454,5.848532679181375
0.64,1.469490591690169,1.6787163455975878,1.986052386164322,5.864984283451391
0.645,1.4563511058181584,1.6601127790015735,1.9598584741143377,5.881400429212543
0.65,1.4433752416202765,1.6417798695264794,1.9340996853185974,5.897781305722257
0.655,1.430560457210762,1.6237128397441176,1.9087674402366746,5.9141271008917515
0.66,1.417904257022811,1.6059070097769208,1.8838533526474435,5.930438001294766
0.665,1.4054041908588215,1.5883577950686214,1.859349224803934,5.946714192176308
0.67,1.393057852961929,1.5710607042105935,1.8352470427205285,5.96295585746146
0.675,1.3808628811082422,1.5540113368222745,1.811538971588554,5.979163179764182
0.68,1.3688169557191887,1.5372053814841091,1.7882173513163497,5.995336340396107
0.685,1.3569177989938208,1.520638613722029,1.7652746921907054,6.0114755193754315
0.69,1.3451631740600896,1.5043068940414395,1.742703670655315,6.027580895435718
0.695,1.3335508841452453,1.4882061660101735,1.7204971252037957,6.043652646034777
0.7,1.3220787717643565,1.4723324543884169,1.6986480523831116,6.0596909473634915
0.705,1.3107447179270058,1.4566818633049565,1.6771496029048951,6.075695974354734
0.71,1.2995466413612817,1.4412505744779847,1.655995077860917,6.091667900692159
0.715,1.2884824977550768,1.4260348454798006,1.6351779250403224,6.107606898819084
0.72,1.2775502790139948,1.4110310080438853,1.6146917353452452,6.1235131399473435
0.725,1.2667480125355501,1.3962354664133252,1.5945302393020733,6.139386794066102
0.73,1.2560737604994787,1.38164469572976,1.5746873036659599,6.1552280299506865
0.735,1.2455256191733441,1.3672552404612626,1.555156928115267,6.171037015171399
0.74,1.2351017182336081,1.3530637128687315,1.5359332420340448,6.186813916102291
0.745,1.224800220101351,1.3390667915093004,1.5170105013795119,6.202558897929946
0.75,1.2146193192926231,1.3252612197761513,1.498383085632507,6.218272124662218
0.755,1.204557241782915,1.3116438044735848,1.480045494828288,6.233953759136986
0.76,1.1946122443853824,1.2982114144263843,1.4619923466653917,6.2496039630308164
0.765,1.1847826141427316,1.284960979122892,1.4442183736906795,6.265222896867677
0.77,1.1750666677321642,1.271889487390509,1.4267184205579173,6.280810720027575
0.775,1.1654627508832753,1.2589939861031,1.4094874413582226,6.296367590755156
0.78,1.1559692378085655,1.2462715789193635,1.3925204970201694,6.3118936661683005
0.785,1.1465845306461608,1.2337194250512884,1.375812752777563,6.327389102266704
0.79,1.1373070589146437,1.2213347380620894,1.3593594757031007,6.342854053940371
0.795,1.1281352789795809,1.209114784692754,1.343156032306022,6.358288674978101
0.8,1.119067673531492,1.1970568837164348,1.3271978861918576,6.373693118075963
0.805,1.1101027510750108,1.1851584048200494,1.3114805957826832,6.389067534845669
0.81,1.101239045429074,1.173416767512433,1.2959998120961913,6.404412075822992
0.815,1.0924751152377208,1.1618294400582339,1.2807512765818394,6.419726890476056
0.82,1.0838095434913197,1.1503939384369255,1.2657308190124805,6.435012127213655
0.825,1.0752409370580653,1.1391078253264173,1.2509343554301215,6.450267933393512
0.83,1.0667679262253955,1.1279687091104826,1.2363578861440867,6.465494455330458
0.835,1.0583891642511754,1.1169742429095033,1.2219974937803029,6.480691838304621
0.84,1.0501033269243765,1.1061221236338747,1.207849341380184,6.495860226569559
0.845,1.0419091121350836,1.0954100910595568,1.1939096705478551,6.5109997633602665
0.85,1.0338052394535202,1.084835926925102,1.1801747996442271,6.526110590901318
0.855,1.0257904497180774,1.074397454049829,1.1666411220268964,6.541192850414763
0.86,1.017863504631887,1.0640925354723352,1.1533051043343112,6.556246682128104
0.865,1.010023186367959,1.0539190736090607,1.1401632848132324,6.5712722252821765
0.87,1.0022682971825745,1.0438750094322793,1.127212271688173,6.5862696181389575
0.875,0.9945976590368064,1.033958321667122,1.1144487415718107,6.60123899798948
0.88,0.9870101132258712,1.0241670260069602,1.1018694379149736,6.616180501161411
0.885,0.9795045200163466,1.014499174347018,1.0894711694955714,6.631094263026874
0.89,0.9720797582908383,1.0049528540354282,1.0772508089449935,6.645980418010059
0.895,0.9647347252000988,0.9955261871414982,1.0652052913112,6.660839099594805
0.9,0.9574683358223444,0.9862173297406842,1.0533316126574506,6.675670440332155
0.905,0.9502795228296346,0.9770244712158827,1.0416268286957275,6.69047457184789
0.91,0.9431672361611638,0.9679458335746046,1.03008805345386,6.705251624849892
0.915,0.9361304427033201,0.9589796707817299,1.0187124579756188,6.720001729135653
0.92,0.9291681259762448,0.9501242681072377,1.007497269052566,6.734725013599503
0.925,0.9222792858269959,0.9413779414888934,0.996439767987269,6.74942160623997
0.93,0.9154629381288781,0.9327390369091799,0.9855372893866461,6.764091634167059
0.935,0.9087181144869938,0.9242059297862937,0.9747872199847847,6.778735223609325
0.94,0.9020438619498182,0.9157770243788765,0.964186997494543,6.793352499921116
0.945,0.8954392427266828,0.9074507532041053,0.953734109487073,6.807943587589625
0.95,0.8889033339109613,0.8992255764687367,0.9434260922984492,6.822508610241895
0.955,0.8824352272089424,0.8910999815129599,0.9332605299629003,6.837047690651891
0.96,0.8760340286742058,0.8830724822666116,0.923235053171763,6.851560950747291
0.965,0.8696988584473523,0.8751416187174964,0.9133473382575616,6.866048511616509
0.97,0.8634288505010556,0.8673059563915364,0.9035951062025264,6.880510493515414
0.975,0.8572231523901753,0.8595640858443866,0.8939761216708983,6.894947015874187
0.98,0.8510809250069925,0.8519146221643642,0.8844881920644608,6.909358197303999
0.985,0.8450013423413637,0.8443562044863471,0.8751291666006634,6.923744155603676
0.99,0.838983591245634,0.836887495516319,0.8658969354126625,6.938105007766353
0.995,0.8330268712043277,0.8295071810664526,0.8567894286708986,6.95244086998603
1.0,0.8271303941083875,0.822213969600296,0.8478046157254023,6.966751857664074
1.005,0.8212933840339985,0.8150065917880253,0.8389405042685697,6.981038085415703
1.01,0.8155150770257483,0.8078838000713293,0.8301951395176428,6.995299667076406
1.015,0.809794720884152,0.8008443682378292,0.8215666034165259,7.009536715708278
1.02,0.8041315749573533,0.7938870910047212,0.813053013856368,7.023749343606379
1.025,0.7985249099370089,0.7870107836115116,0.8046525239145077,7.037937662304953
1.03,0.7929740076581813,0.7802142814215453,0.7963633211112261,7.052101782583668
1.035,0.7874781609031521,0.7734964395321269,0.7881836266838729,7.066241814473751
1.04,0.7820366732091737,0.7668561323931198,0.7801116948779938,7.080357867264132
1.045,0.776648858679933,0.7602922534336963,0.7721458122549162,7.0944500495075005
1.05,0.771314041800786,0.7538037146971708,0.7642842970154766,7.108518469026274
1.055,0.7660315572575256,0.7473894464835876,0.7565254983393807,7.122563232918625
1.06,0.7608007497587977,0.74104839700005,0.7488677957399155,7.136584447564348
1.065,0.7556209738618928,0.7347795320184346,0.7413095984335003,7.1505822186307295
1.07,0.7504915938019818,0.7285818345404508,0.7338493447238114,7.164556651078391
1.075,0.745411983324675,0.7224543044698245,0.7264855014000654,7.178507849167034
1.08,0.7403815255217924,0.7163959582914019,0.7192165631490663,7.19243591646114
1.085,0.7353996126703668,0.7104058287571028,0.7120410519807774,7.206340955835681
1.09,0.7304656460747136,0.7044829645784653,0.7049575166669544,7.220223069481712
1.095,0.7255790359115819,0.6986264301257111,0.6979645321926239,7.234082358911966
1.1,0.720739201078276,0.6928353051331362,0.6910606992200212,7.2479189249663545
1.105,0.7159455690436829,0.6871086844106677,0.6842446435646745,7.261732867817469
1.11,0.7111975757021747,0.6814456775614974,0.6775150156833813,7.275524286976027
1.115,0.7064946652303223,0.675845408705628,0.6708704901737755,7.289293281296222
1.12,0.7018362899463176,0.6703070162091618,0.6643097652851304,7.3030399489810875
1.125,0.6972219101720727,0.6648296524192262,0.6578315624401831,7.3167643875878
1.13,0.6926509940979954,0.6594124834044643,0.651434625767741,7.330466694032907
1.135,0.6881230176502733,0.6540546887008434,0.6451177216456997,7.344146964597558
1.14,0.683637464360731,0.6487554610627861,0.638879638254333,7.357805294932616
1.145,0.6791938252390776,0.643514006219374,0.6327191851394844,7.371441780063845
1.15,0.674791598647672,0.6383295426356732,0.6266351927855707,7.385056514396902
1.155,0.670430290178532,0.6332013012788684,0.6206265121979776,7.398649591722444
1.16,0.6661094125327294,0.6281285253892547,0.6146920144947574,7.412221105221029
1.165,0.6618284854020824,0.6231104702559666,0.6088305905074097,7.42577114746811
1.17,0.657587035352956,0.6181464029971797,0.6030411503903585,7.439299810438907
1.175,0.6533845957123353,0.6132356023448959,0.5973226232391246,7.45280718551327
1.18,0.6492207064559596,0.6083773584340497,0.5916739567168346,7.466293363480505
1.185,0.6450949140986308,0.6035709725959806,0.5860941166889918,7.4797584345440855
1.19,0.641006771586435,0.598815757155983,0.5805820868661395,7.493202488326459
1.195,0.6369558381910663,0.5941110352350394,0.5751368684544022,7.506625613873665
1.2,0.632941679406085,0.5894561405555424,0.5697574798136313,7.520027899660003
1.205,0.6289638668450551,0.5848504172508983,0.5644429561229531,7.533409433592648
1.21,0.625021978141601,0.5802932196789901,0.5591923490535968,7.546770303016206
1.215,0.621115596851326,0.5757839122394097,0.5540047264488315,7.5601105947172025
1.22,0.6172443123554315,0.5713218691942549,0.5488791720107274,7.573430394928612
1.225,0.6134077197662453,0.5669064744926436,0.5438147849938025,7.586729789334287
1.23,0.6096054198343746,0.5625371215986248,0.5388106799051523,7.6000088630733345
1.235,0.6058370188575913,0.5582132133225493,0.5338659862110536,7.613267700744508
1.24,0.6021021285913867,0.5539341616558059,0.5289798480498734,7.6265063864105205
1.245,0.5984003661611518,0.549699387608823,0.5241514239510925,7.639725003602335
1.25,0.5947313539759235,0.5455083210522528,0.5193798865603135,7.652923635323402
1.255,0.5910947196437444,0.5413604005613348,0.5146644223701549,7.666102364053898
1.26,0.5874900958885166,0.5372550732632959,0.5100042314568396,7.679261271754859
1.265,0.5839171204683674,0.5331917946877529,0.5053985272223588,7.692400439872346
1.27,0.580375436095498,0.5291700286200715,0.5008465361421233,7.705519949341534
1.275,0.5768646903574616,0.525189246957574,0.4963474975179047,7.718619880590766
1.28,0.5733845356398443,0.521248929568561,0.4919006632359952,7.731700313545613
1.285,0.5699346290503701,0.5173485641541062,0.4875052975304689,7.744761327632803
1.29,0.5665146323443288,0.5134876461125142,0.4831606767513776,7.757803001784234
1.295,0.5631242118513258,0.509665678406406,0.4788660891378045,7.770825414440876
1.3,0.5597630384034024,0.5058821714324362,0.47462083459570015,7.783828643556636
1.305,0.5564307872643331,0.5021366428934404,0.4704242244802717,7.796812766602234
1.31,0.5531271380602852,0.49842861767314683,0.4662755813829801,7.8097778605689925
1.315,0.5498517747116175,0.4947576277132273,0.4621742389228983,7.822724001972627
1.32,0.5466043853659374,0.4911232118927521,0.4581195415424199,7.835651266857033
1.325,0.5433846623323297,0.4875249159099526,0.4541108443071899,7.848559730797915
1.33,0.5401923020167182,0.4839622921662285,0.4501475127101423,7.861449468906549
1.335,0.5370270048583989,0.48043489965240005,0.4462289224795992,7.874320555833401
1.34,0.5338884752676797,0.4769423038371221,0.4423544593913003,7.887173065771695
1.345,0.530776421564566,0.4734840765573891,0.43852351908426224,7.900007072461091
1.35,0.5276905559186027,0.47005979591118413,0.43473550688045526,7.912822649191139
1.355,0.5246305942896744,0.46666904615209337,0.4309898376081048,7.925619868804876
1.36,0.5215962563699085,0.4633114175859711,0.4272859354286368,7.938398803702259
1.365,0.5185872655265397,0.45998650646951783,0.4236232336671151,7.951159525843635
1.37,0.5156033487457943,0.456693914910792,0.4200011746461309,7.9639021067531965
1.375,0.5126442365777292,0.45343325077158153,0.4164192095230506,7.9766266175223235
1.38,0.5097096630820382,0.45020412757161404,0.4128767981305533,7.9893331288129925
1.385,0.5067993657747644,0.44700616439454754,0.4093734088203765,8.002021710861085
1.39,0.5039130855759689,0.44383898579574044,0.40590851831022096,8.014692433479706
1.395,0.5010505667582674,0.44070222171172624,0.402481611533718,8.02734536606245
1.4,0.498211556896259,0.43759550737137154,0.3990921814933969,8.039980577586656
1.405,0.49539580681682693,0.43451848320869985,0.39573972911661187,8.052598136616593
1.41,0.49260307055026814,0.4314707947773114,0.392423763114323,8.065198111306694
1.415,0.4898331052822903,0.4284520926664156,0.38914379984271563,8.077780569404695
1.42,0.48708567130678043,0.42546203241837693,0.3858993631675345,8.090345578254754
1.425,0.48436053197940987,0.4225002744478082,0.38268998433113577,8.102893204800555
1.43,0.48165745367201196,0.41956648396214546,0.37951520182216514,8.115423515588413
1.435,0.47897620572773675,0.41666033088368065,0.3763745612478067,8.127936576770287
1.44,0.4763165604169516,0.4137814897730166,0.3732676152085487,8.140432454106826
1.445,0.4736782928939019,0.4109296397539329,0.37019392317541633,8.152911212970329
1.45,0.4710611811540662,0.40810446443959975,0.3671530513696036,8.165372918347773
1.455,0.4684650059922956,0.40530565186018797,0.36414457264450095,8.177817634843672
1.46,0.46588955096155477,0.40253289439171236,0.3611680663699606,8.190245426683079
1.465,0.46333460233245527,0.39978588868625536,0.35822311831890113,8.202656357714401
1.47,0.4607999490533873,0.3970643356033847,0.35530932055605396,8.215050491412299
1.475,0.4582853827113509,0.3943679401428445,0.352426271328907,8.227427890880524
1.48,0.4557906974934438,0.3916964113784613,0.34957357496076175,8.239788618854718
1.485,0.45331569014895523,0.3890494623932147,0.3467508417458393,8.252132737705224
1.49,0.4508601599521246,0.3864268102155037,0.34395768784643876,8.264460309439807
1.495,0.44842390866548065,0.3838281757565273,0.3411937351920508,8.276771395706442
1.5,0.4460067405038395,0.3812532837488314,0.33845861138045874,8.28906605779598
1.505,0.4436084620988035,0.3787018626858738,0.3357519495806616,8.301344356644892
1.51,0.441228882463961,0.3761736447627662,0.3330733884377484,8.313606352837876
1.515,0.43886781296054417,0.3736683658179766,0.3304225719795115,8.325852106610537
1.52,0.4365250672637298,0.3711857652761329,0.3277991495248982,8.338081677852008
1.525,0.43420046132945106,0.3687255860918073,0.3252027755941764,8.350295126107525
1.53,0.43189381336176214,0.36628757469430345,0.32263310982081733,8.362492510581024
1.535,0.4296049437807203,0.3638714809334076,0.3200898168650435,8.374673890137649
1.54,0.4273336751908286,0.36147705802612884,0.31757256632903663,8.386839323306342
1.545,0.4250798323499327,0.3591040625043239,0.3150810326737083,8.398988868282308
1.55,0.42284324213866703,0.3567522541632816,0.312614895137072,8.411122582929487
1.555,0.4206237335303875,0.3544213960112037,0.31017383765415213,8.423240524783054
1.56,0.41842113756156096,0.35211125421953987,0.30775754877836836,8.435342751051843
1.565,0.4162352873026484,0.3498215980742093,0.30536572160441355,8.447429318620756
1.57,0.41406601782949304,0.3475521999276969,0.30299805369259564,8.459500284053167
1.575,0.4119131661950994,0.3453028351519321,0.3006542469945527,8.471555703593303
1.58,0.40977657140189055,0.3430732820919966,0.2983340077803544,8.483595633168605
1.585,0.40765607437444995,0.3408633220206811,0.29603704656701213,8.495620128392021
1.59,0.4055515179326286,0.33867273909375883,0.29376307804824797,8.507629244564397
1.595,0.4034627467651379,0.33650132030608176,0.29151182102561163,8.51962303667671
1.6,0.4013896074035131,0.33434885544839305,0.2892829983408402,8.531601559412355
1.605,0.3993319481965437,0.3322151370649257,0.28707633680950234,8.543564867149424
1.61,0.397289619285058,0.33009996041168266,0.2848915671558226,8.55551301396289
1.615,0.39526247257712627,0.3280031234154545,0.2827284239487313,8.567446053626885
1.62,0.3932503617236712,0.3259244266335434,0.28058664553908597,8.579364039616866
1.625,0.391253142094434,0.32386367321415427,0.27846597399803014,8.591267025111758
1.63,0.3892706707543356,0.3218206688574737,0.27636615505648865,8.603155062996194
1.635,0.38730280644020143,0.31979522177740405,0.2742869380457641,8.61502820586257
1.64,0.3853494095378449,0.3177871426639394,0.2722280758392051,8.626886506013228
1.645,0.383410342059534,0.3157962446462018,0.2701893247949588,8.638730015462505
1.65,0.3814854676217737,0.3138223432560692,0.26817044469973006,8.650558785938873
1.655,0.3795746514234595,0.3118652563924404,0.26617119871358363,8.662372868886962
1.66,0.3776777602243638,0.3099248042860923,0.2641913533157316,8.67417231546964
1.665,0.37579466232394787,0.30800080946512387,0.2622306782512991,8.685957176570005
1.67,0.37392522754051205,0.30609309672098267,0.2602889464790471,8.697727502793436
1.675,0.37206932719067715,0.3042014930750746,0.2583659341200512,8.709483344469573
1.68,0.370226834069129,0.302325827745877,0.2564614204072508,8.721224751654297
1.685,0.3683976224287672,0.3004659321166896,0.2545751876359821,8.732951774131692
1.69,0.3665815679610678,0.29862163970382843,0.25270702111530696,8.744664461415988
1.695,0.36477854777680185,0.296792786125411,0.2508567091202719,8.756362862753482
1.7,0.3629884403870304,0.29497920907063213,0.24902404284499002,8.768047027124487
1.705,0.3612111256843971,0.29318074826955537,0.24720881635655972,8.779717003245153
1.71,0.3594464849246794,0.2913972454633851,0.24541082654979068,8.79137283956944
1.715,0.357694400708679,0.2896285443752715,0.2436298731027618,8.803014584290906
1.72,0.3559547569643208,0.2878744906815424,0.24186575843312128,8.814642285344576
1.725,0.3542274389290558,0.28613493198343765,0.24011828765518356,8.826255990408795
1.73,0.3525123331325498,0.28440971777931423,0.2383872685377831,8.837855746907024
1.735,0.3508093273795861,0.28269869943727616,0.23667251146284876,8.849441602009644
1.74,0.34911831073327226,0.28100173016828195,0.23497382938472453,8.86101360263573
1.745,0.3474391734984543,0.279318664999654,0.23329103779017266,8.872571795454833
1.75,0.34577180720544193,0.27764936074907454,0.23162395465912616,8.88411622688875
1.755,0.34411610459389563,0.27599367599892893,0.22997240042605596,8.895646943113222
1.76,0.3424719595970448,0.2743514710711431,0.22833619794207957,8.90716399005971
1.765,0.3408392673260569,0.27272260800235404,0.2267151724376632,8.91866741341706
1.77,0.3392179240547136,0.2711069505195489,0.22510915148603133,8.930157258633226
1.775,0.3376078272042618,0.2695043640160424,0.22351796496715692,8.94163357091695
1.78,0.3360088753285141,0.26791471552786933,0.22194144503240285,8.953096395239433
1.785,0.33442096809916844,0.2663378737105489,0.22037942606976307,8.964545776335937
1.79,0.3328440062913446,0.26477370881622503,0.218831744669708,8.975981758707528
1.795,0.33127789176932376,0.26322209267115837,0.21729823959159955,8.987404386622607
1.8,0.3297225274725144,0.2616828986535944,0.2157787517307006,8.998813704118556
1.805,0.32817781740161905,0.26015600167197905,0.2142731240857409,9.010209755003347
1.81,0.3266436666049985,0.258641278143515,0.21278120172703402,9.02159258285713
1.815,0.32511998116524077,0.2571386059730584,0.2113028317651335,9.032962231033771
1.82,0.3236066681859353,0.25564786453236527,0.20983786332004045,9.044318742662451
1.825,0.32210363577862194,0.2541689346396437,0.2083861474909113,9.055662160649185
1.83,0.3206107930499449,0.2527016985394422,0.20694753732628865,9.066992527678366
1.835,0.3191280500889941,0.2512460398828585,0.20552188779484282,9.078309886214305
1.84,0.31765531795481783,0.2498018437080429,0.20410905575658825,9.089614278502669
1.845,0.3161925086641391,0.2483689964210335,0.2027088999346122,9.100905746572092
1.85,0.31473953517921527,0.24694738577685507,0.20132128088723986,9.112184332235534
1.855,0.3132963113959216,0.2455369008609612,0.199946060980716,9.123450077091842
1.86,0.31186275213195314,0.2441374320709168,0.1985831043622963,9.134703022527152
1.865,0.31043877311524265,0.24274887109840432,0.1972322769338216,9.14594320971638
1.87,0.30902429097251605,0.2413711109114884,0.19589344632571826,9.157170679624624
1.875,0.30761922321802704,0.24000404573716502,0.19456648187143522,9.168385473008588
1.88,0.3062234882424486,0.23864757104418205,0.19325125458231227,9.179587630418032
1.885,0.3048370053019158,0.23730158352611097,0.19194763712284554,9.190777192197103
1.89,0.3034596945072451,0.23596598108470512,0.1906555037863912,9.201954198485776
1.895,0.30209147681328585,0.23464066281349422,0.18937473047125183,9.213118689221222
1.9,0.30073227400843866,0.23332552898163816,0.18810519465715902,9.224270704139165
1.905,0.2993820087043159,0.2320204810180337,0.18684677538215555,9.235410282775234
1.91,0.29804060432554297,0.23072542149564826,0.1855993532198352,9.246537464466298
1.915,0.29670798509972185,0.22944025411611954,0.1843628102569863,9.257652288351814
1.92,0.2953840760475237,0.2281648836945705,0.18313703007157792,9.268754793375157
1.925,0.294068802972916,0.22689921614465736,0.18192189771111256,9.279845018284892
1.93,0.2927620924535442,0.2256431584638566,0.180717299671339,9.290923001636116
1.935,0.2914638718312339,0.2243966187189649,0.17952312387530517,9.301988781791707
1.94,0.29017406920263156,0.22315950603182094,0.17833925965275083,9.313042396923633
1.945,0.28889261340998534,0.22193173056525398,0.17716559771984675,9.324083885014229
1.95,0.28761943403203954,0.22071320350922952,0.17600203015924787,9.335113283857401
1.955,0.28635446137505915,0.2195038370672075,0.17484845040047245,9.34613063105993
1.96,0.2850976264639914,0.21830354444271632,0.1737047532006066,9.35713596404267
1.965,0.2838488610337429,0.21711223982612166,0.1725708346253157,9.368129320041808
1.97,0.2826080975205718,0.2159298383815898,0.1714465920301557,9.379110736110073
1.975,0.2813752690536141,0.21475625623425618,0.17033192404219452,9.39008024911792
1.98,0.2801503094465081,0.2135914104575739,0.16922673054191822,9.401037895754747
1.985,0.2789331531891517,0.2124352190608608,0.16813091264543345,9.411983712530084
1.99,0.2777237354395712,0.21128760097703583,0.16704437268696132,9.422917735774782
1.995,0.27652199201588556,0.21014847605051734,0.16596701420158785,9.433840001642155
2.0,0.27532785938840554,0.20901776502532693,0.164898741908315,9.444750546109164
2.005,0.2741412746718254,0.2078953895333538,0.1638394616933668,9.455649404977548
2.01,0.272962175617523,0.206781272082795,0.16278908059376185,9.466536613874979
2.015,0.27179050060597293,0.20567533604677393,0.16174750678115293,9.477412208256204
2.02,0.2706261886392535,0.2045775056521135,0.16071464954590975,9.488276223404158
2.025,0.2694691793336624,0.2034877059682875,0.1596904192814658,9.499128694431043
2.03,0.26831941291243694,0.20240586289653165,0.1586747274689082,9.509969656279507
2.035,0.26717683019855837,0.20133190315910654,0.15766748666180502,9.520799143723679
2.04,0.26604137260766914,0.20026575428872578,0.15666861047127412,9.531617191370305
2.045,0.26491298214107745,0.1992073446181377,0.1556780135512906,9.54242383365976
2.05,0.2637916013788641,0.19815660326985737,0.15469561158421566,9.5532191048672
2.055,0.2626771734730675,0.19711346014604644,0.15372132126655816,9.56400303910356
2.06,0.2615696421409797,0.19607784591854618,0.15275506029495647,9.574775670316663
2.065,0.26046895165851985,0.19504969201905045,0.1517967473523781,9.585537032292192
2.07,0.25937504685370183,0.19402893062942375,0.15084630209453473,9.596287158654835
2.075,0.25828787310018403,0.19301549467215526,0.14990364513650556,9.60702608286919
2.08,0.25720737631091195,0.19200931780095565,0.14896869803957088,9.617753838240898
2.085,0.256133502931844,0.1910103343914885,0.14804138329824834,9.628470457917558
2.09,0.25506619993575763,0.19001847953223266,0.14712162432752876,9.639175974889827
2.095,0.2540054148161433,0.18903368901548012,0.1462093454503103,9.64987042199235
2.1,0.2529510955811747,0.18805589932845826,0.14530447188502277,9.660553831904782
2.105,0.25190319074776035,0.18708504764458103,0.14440692973344257,9.671226237152739
2.11,0.2508616493356793,0.18612107181483226,0.14351664596870373,9.681887670108823
2.115,0.2498264208617839,0.18516391035925694,0.1426335484234734,9.692538162993536
2.12,0.24879745533429196,0.1842135024585897,0.14175756577832715,9.703177747876277
2.125,0.24777470324713946,0.18326978794599033,0.1408886275502897,9.713806456676268
2.13,0.24675811557442484,0.1823327072989076,0.14002666408155817,9.724424321163523
2.135,0.2457476437649102,0.18140220163104812,0.1391716065283894,9.73503137295978
2.14,0.2447432397365988,0.18047821268445943,0.13832338685015433,9.745627643539377
2.145,0.2437448558713999,0.1795606828217424,0.13748193779857615,9.75621316423029
2.15,0.24275244500983642,0.17864955501834787,0.13664719290710695,9.766787966214922
2.155,0.24176596044583973,0.17774477285499746,0.13581908648047786,9.7773520805311
2.16,0.24078535592160852,0.17684628051021084,0.13499755358440968,9.787905538072934
2.165,0.2398105856225332,0.17595402275293073,0.13418253003546726,9.798448369591753
2.17,0.23884160417218633,0.17506794493525776,0.13337395239107658,9.808980605696902
2.175,0.23787836662738124,0.17418799298528576,0.1325717579396878,9.819502276856761
2.18,0.2369208284732854,0.17331411340003072,0.13177588469108095,9.830013413399483
2.185,0.23596894561861115,0.17244625323846913,0.1309862713668245,9.84051404551395
2.19,0.23502267439085606,0.17158436011466616,0.1302028573908731,9.851004203250604
2.195,0.23408197153160948,0.17072838219099815,0.12942558288030076,9.861483916522298
2.2,0.23314679419192308,0.16987826817147697,0.12865438863618112,9.871953215105153
2.205,0.23221709992773348,0.1690339672951582,0.1278892161345947,9.88241212863939
2.21,0.23129284669534958,0.16819542932964662,0.1271300075177747,9.892860686630186
2.215,0.230373992846992,0.16736260456468444,0.12637670558537747,9.903298918448465
2.22,0.22946049712640015,0.16653544380584165,0.12562925378589548,9.913726853331777
2.225,0.22855231866447745,0.16571389836827194,0.124887596208176,9.924144520385042
2.23,0.2276494169750145,0.16489792007057838,0.12415167757308736,9.934551948581435
2.235,0.22675175195044409,0.1640874612287413,0.12342144322528767,9.94494916676311
2.24,0.22585928385766812,0.16328247465014678,0.12269683912513045,9.955336203642082
2.245,0.2249719733339292,0.1624829136276879,0.12197781184067992,9.96571308780096
2.25,0.22408978138273256,0.16168873193394498,0.121264308539842,9.976079847693764
2.255,0.22321266936982337,0.16089988381545034,0.12055627698261594,9.986436511646664
2.26,0.22234059901921852,0.16011632398703202,0.11985366551345783,9.996783107858828
2.265,0.22147353240927622,0.15933800762622588,0.11915642305374985,10.007119664403113
2.27,0.22061143196882876,0.1585648903677727,0.11846449909438488,10.017446209226852
2.275,0.21975426047335392,0.15779692829818467,0.11777784368845609,10.027762770152638
2.28,0.21890198104120337,0.15703407795039062,0.11709640744405633,10.038069374879074
2.285,0.2180545571298631,0.15627629629843992,0.1164201415171685,10.048366050981452
2.29,0.2172119525322823,0.15552354075229985,0.11574899760468069,10.05865282591258
2.295,0.21637413137323017,0.15477576915270339,0.11508292793748165,10.068929727003471
2.3,0.21554105810570162,0.15403293976607263,0.1144218852736639,10.079196781464075
2.305,0.21471269750737706,0.15329501127951614,0.11376582289182813,10.089454016384021
2.31,0.21388901467711702,0.15256194279588575,0.11311469458447647,10.099701458733295
2.315,0.21306997503149544,0.15183369382889747,0.11246845465150108,10.109939135363001
2.32,0.21225554430139637,0.15111022429833257,0.111827057893777,10.120167073006053
2.325,0.21144568852862772,0.15039149452528092,0.1111904596068268,10.130385298277858
2.33,0.21064037406259314,0.14967746522746472,0.11055861557459323,10.140593837677029
2.335,0.2098395675570053,0.14896809751462123,0.10993148206329485,10.150792717586107
2.34,0.20904323596662366,0.14826335288393497,0.10930901581536073,10.160981964272178
2.345,0.2082513465440501,0.1475631932155457,0.10869117404346337,10.171161603887612
2.35,0.20746386683655693,0.14686758076810874,0.10807791442463065,10.181331662470733
2.355,0.20668076468295257,0.14617647817441387,0.10746919509443996,10.19149216594646
2.36,0.20590200821048632,0.1454898484370619,0.10686497464129553,10.201643140127029
2.365,0.20512756583179143,0.14480765492419936,0.10626521210078678,10.211784610712586
2.37,0.20435740624186702,0.14412986136531022,0.10566986695012673,10.221916603291909
2.375,0.20359149841509155,0.14345643184705753,0.10507889910266417,10.232039143343023
2.38,0.20282981160227892,0.14278733080918735,0.10449226890248044,10.242152256233874
2.385,0.2020723153277663,0.14212252304047893,0.10390993711905318,10.25225596722291
2.39,0.2013189793865396,0.14146197367475413,0.10333186494200298,10.262350301459824
2.395,0.20056977384138952,0.14080564818693259,0.10275801397590661,10.272435283986102
2.4,0.19982466902010743,0.14015351238914298,0.10218834623518618,10.282510939735692
2.405,0.19908363551271066,0.1395055324268821,0.10162282413906755,10.292577293535599
2.41,0.19834664416870548,0.13886167477522632,0.10106141050661127,10.302634370106551
2.415,0.1976136660943774,0.13822190623508962,0.10050406855181059,10.312682194063582
2.42,0.1968846726501191,0.13758619392953045,0.09995076187875594,10.322720789916627
2.425,0.19615963544778395,0.13695450530010533,0.09940145447686799,10.332750182071182
2.43,0.19543852634808795,0.136326808103279,0.09885611071620211,10.342770394828877
2.435,0.19472131745800983,0.13570307040685822,0.098314695342801,10.352781452388058
2.44,0.19400798112826348,0.13508326058650091,0.09777717347413332,10.362783378844401
2.445,0.19329848995076415,0.13446734732224333,0.0972435105945753,10.37277619819151
2.45,0.1925928167561496,0.1338552995950911,0.0967136725509683,10.382759934321488
2.455,0.19189093461131704,0.13324708668364274,0.09618762554822967,10.392734611025519
2.46,0.19119281681699188,0.13264267816075778,0.09566533614502347,10.402700251994442
2.465,0.190498436905334,0.13204204389027602,0.09514677124949833,10.412656880819375
2.47,0.18980776863755602,0.13144515402376336,0.09463189811507032,10.422604520992177
2.475,0.18912078600158533,0.13085197899731418,0.09412068433627654,10.432543195906112
2.48,0.1884374632097447,0.13026248952838423,0.09361309784467585,10.442472928856382
2.485,0.18775777469646107,0.12967665661266625,0.09310910690480732,10.452393743040654
2.49,0.18708169511600753,0.12909445152101032,0.09260868011020919,10.46230566155966
2.495,0.1864091993402599,0.12851584579637207,0.09211178637948042,10.47220870741771
2.5,0.18574026245649505,0.12794081125081277,0.0916183949524079,10.482102903523247
2.505,0.18507485976519822,0.12736931996252418,0.09112847538613476,10.4919882726894
2.51,0.1844129667779106,0.12680134427290293,0.09064199755139131,10.501864837634521
2.515,0.18375455921509332,0.12623685678365054,0.09015893162876383,10.511732620982693
2.52,0.18309961300401761,0.12567583035391885,0.08967924810502687,10.52159164526431
2.525,0.18244810427668282,0.1251182380974851,0.08920291776951371,10.531441932916543
2.53,0.181800009367752,0.12456405337996315,0.08872991171053968,10.5412835062839
2.535,0.18115530481252262,0.12401324981605662,0.08826020131187885,10.551116387618757
2.54,0.18051396734490777,0.12346580126683396,0.08779375824927546,10.560940599081835
2.545,0.1798759738954495,0.12292168183704816,0.0873305544870133,10.570756162742743
2.55,0.1792413015893516,0.12238086587248365,0.08687056227452376,10.58056310058047
2.555,0.17860992774453358,0.12184332795733718,0.08641375414304106,10.5903614344839
2.56,0.17798182986971617,0.12130904291163705,0.08596010290230578,10.600151186252312
2.565,0.17735698566251146,0.12077798578868143,0.08550958163730203,10.609932377595872
2.57,0.17673537300755437,0.12025013187252181,0.08506216370504809,10.61970503013612
2.575,0.1761169699746428,0.11972545667547177,0.08461782273142646,10.6294691654065
2.58,0.1755017548168999,0.11920393593564142,0.0841765326080495,10.63922480485278
2.585,0.17488970596896591,0.11868554561451299,0.08373826748917615,10.648971969833623
2.59,0.17428080204520022,0.11817026189453676,0.08330300178866203,10.658710681620992
2.595,0.1736750218379104,0.11765806117676142,0.08287071017695233,10.668440961400659
2.6,0.17307234431559634,0.1171489200784888,0.08244136757811098,10.67816283027266
2.605,0.17247274862122375,0.11664281543096747,0.08201494916689789,10.687876309251841
2.61,0.1718762140705042,0.11613972427710005,0.08159143036587058,10.697581419268205
2.615,0.1712827201502054,0.11563962386919087,0.0811707868425356,10.707278181167487
2.62,0.1706922465164722,0.11514249166671157,0.08075299450652829,10.716966615711524
2.625,0.17010477299317722,0.11464830533410361,0.08033802950683706,10.7266467435788
2.63,0.169520279570277,0.11415704273859771,0.07992586822905723,10.736318585364845
2.635,0.16893874640219553,0.1136686819480653,0.07951648729268307,10.745982161582683
2.64,0.168360153806225,0.11318320122889607,0.0791098635484363,10.75563749266333
2.645,0.16778448226094309,0.11270057904389966,0.07870597407562728,10.765284598956198
2.65,0.16721171240464358,0.11222079405022953,0.07830479617954816,10.77492350072955
2.655,0.16664182503379407,0.11174382509733898,0.07790630738890467,10.784554218170918
2.66,0.16607480110150458,0.11126965122495754,0.07751048545327913,10.794176771387592
2.665,0.16551062171601114,0.11079825166108884,0.07711730834062164,10.80379118040701
2.67,0.16494926813918323,0.11032960582003892,0.0767267542347805,10.813397465177232
2.675,0.16439072178504108,0.10986369330046235,0.07633880153305828,10.822995645567275
2.68,0.1638349642182967,0.10940049388343702,0.07595342884380415,10.832585741367666
2.685,0.1632819771529029,0.1089399875305574,0.07557061498403361,10.842167772290779
2.69,0.16273174245062097,0.1084821543820498,0.07519033897707703,10.851741757971272
2.695,0.16218424211961024,0.10802697475491685,0.07481258005026414,10.861307717966508
2.7,0.1616394583130246,0.1075744291410965,0.07443731763263231,10.870865671756968
2.705,0.1610973733276299,0.10712449820564737,0.07406453135266702,10.88041563874668
2.71,0.1605579696024369,0.10667716278495543,0.07369420103607043,10.889957638263608
2.715,0.16002122971734162,0.10623240388495571,0.0733263067035541,10.89949168956005
2.72,0.15948713639179152,0.10579020267938576,0.07296082856866848,10.909017811813053
2.725,0.15895567248345827,0.10535054050804968,0.07259774703565018,10.918536024124815
2.73,0.15842682098693106,0.10491339887511116,0.07223704269730488,10.928046345523105
2.735,0.15790056503241673,0.10447875944739692,0.07187869633290787,10.937548794961591
2.74,0.15737688788445847,0.1040466040527282,0.07152268890613926,10.947043391320305
2.745,0.1568557729406743,0.10361691467827086,0.07116900156304148,10.956530153405993
2.75,0.15633720373049712,0.1031896734689004,0.07081761563000204,10.966009099952519
2.755,0.15582116391393494,0.10276486272558787,0.07046851261176061,10.97548024962125
2.76,0.15530763728034735,0.10234246490380755,0.07012167418944427,10.984943621001392
2.765,0.15479660774723167,0.10192246261196179,0.06977708221862634,10.994399232610473
2.77,0.15428805935901896,0.10150483860981996,0.06943471872740559,11.003847102894605
2.775,0.15378197628588924,0.10108957580698083,0.06909456591451336,11.013287250228903
2.78,0.15327834282259992,0.10067665726135358,0.0687566061474457,11.02271969291793
2.785,0.1527771433873188,0.10026606617764977,0.06842082196061243,11.032144449195934
2.79,0.152278362520475,0.0998577859058976,0.06808719605351368,11.04156153722731
2.795,0.15178198488362904,0.09945179993997677,0.06775571128894091,11.05097097510695
2.8,0.15128799525833692,0.09904809191615899,0.06742635069119228,11.060372780860552
2.805,0.15079637854504732,0.09864664561167956,0.06709909744432045,11.06976697244507
2.81,0.1503071197619946,0.09824744494331293,0.06677393489039236,11.079153567748987
2.815,0.14982020404411245,0.09785047396597293,0.06645084652777689,11.088532584592732
2.82,0.1493356166419531,0.09745571687132337,0.06612981600944971,11.097904040728979
2.825,0.1488533429206269,0.09706315798641116,0.06581082714132286,11.107267953843063
2.83,0.14837336835874404,0.09667278177230888,0.0654938638805911,11.116624341553253
2.835,0.14789567854736807,0.09628457282277246,0.06517891033409731,11.125973221411174
2.84,0.14742025918899007,0.09589851586292286,0.06486595075672569,11.135314610902098
2.845,0.1469470960965015,0.09551459574793131,0.06455496954980405,11.14464852744529
2.85,0.14647617519218772,0.09513279746172867,0.06424595125953411,11.153974988394392
2.855,0.14600748250672332,0.09475310611572277,0.06393888057543502,11.16329401103769
2.86,0.14554100417818913,0.09437550694753788,0.06363374232881205,11.172605612598543
2.865,0.14507672645108488,0.09399998531975721,0.06333052149123417,11.181909810235606
2.87,0.144614635675367,0.09362652671869194,0.06302920317304093,11.191206621043236
2.875,0.14415471830548895,0.09325511675315772,0.06272977262186152,11.200496062051819
2.88,0.14369696089944792,0.0928857411532621,0.06243221522114976,11.209778150228056
2.885,0.14324135011785247,0.09251838576921366,0.06213651648874269,11.21905290247532
2.89,0.1427878727229901,0.09215303657013844,0.0618426620754324,11.228320335633986
2.895,0.14233651557790977,0.09178967964291157,0.06155063776355571,11.237580466481708
2.9,0.1418872656455097,0.0914283011910011,0.06126042946560109,11.246833311733779
2.905,0.14144010998764034,0.09106888753332645,0.06097202322283214,11.256078888043433
2.91,0.1409950357642134,0.09071142510312989,0.060685405203929295,11.265317212002156
2.915,0.14055203023231772,0.09035590044685682,0.06040056170364394,11.274548300140022
2.92,0.14011108074535017,0.09000230022305404,0.06011747914147286,11.283772168925951
2.925,0.13967217475214846,0.08965061120127331,0.059836144060342975,11.292988834768062
2.93,0.13923529979614332,0.08930082026099821,0.05955654312532132,11.30219831401399
2.935,0.13880044351450524,0.08895291439056874,0.059278663122328094,11.311400622951147
2.94,0.13836759363731327,0.0886068806861297,0.059002490956874716,11.32059577780706
2.945,0.13793673798672346,0.08826270635058392,0.05872801365281187,11.32978379474963
2.95,0.13750786447615126,0.08792037869256049,0.05845521835109459,11.3389646898875
2.955,0.1370809611094614,0.08757988512539407,0.05818409230856148,11.348138479270283
2.96,0.1366560159801599,0.08724121316611097,0.05791462289672571,11.357305178888883
2.965,0.13623301727060488,0.08690435043443451,0.05764679760058595,11.366464804675827
2.97,0.13581195325121714,0.08656928465179396,0.05738060401744532,11.37561737250548
2.975,0.13539281227970187,0.08623600364034811,0.05711602985574788,11.3847628981944
2.98,0.13497558280027913,0.08590449532201909,0.056853062933927875,11.393901397501574
2.985,0.13456025334292032,0.08557474771753629,0.05659169117927239,11.40303288612877
2.99,0.13414681252259247,0.08524674894548973,0.056331902626795945,11.412157379720744
2.995,0.13373524903851208,0.08492048722139689,0.056073685418132,11.42127489386559
3.0,0.1333255516734066,0.0845959508567769,0.05581702780043321,11.430385444094975
